desmos:LiteraryConstraint,rdfs:label@en,rdfs:label@it,rdfs:comment@en,rdfs:comment@it,desmos:constraintOrigin,desmos:constraintScope
literary_constraint_01,Heterogram,Eterogramma,Constraint requiring a word or letter string in which no letter is repeated (each grapheme occurs at most once).,Costrizione che impone la scrittura di una parola o stringa in cui nessuna lettera si ripete (ogni grafema può comparire al massimo una volta).,traditional,formal
literary_constraint_02,Anagram,Anagramma,"Constraint based on the rearrangement of the letters of a word or expression to form another, while preserving the same set of characters.","Costrizione che prevede la riorganizzazione delle lettere di una parola o espressione per formarne un’altra, mantenendo invariato l’insieme dei caratteri.",traditional,formal
literary_constraint_03,Regraphing,Rigrafia,"Constraint consisting in composing a derived text by reordering typographic lines taken from a source text, kept unchanged and used as combinatorial tiles.","Costrizione che consiste nel comporre un testo derivato riordinando righe tipografiche tratte da un testo base, mantenute inalterate e usate come tessere combinatorie.",original,formal
literary_constraint_04,Quatrain,Quartina,"Stanzaic constraint requiring the text to be organized into four-line stanzas, optionally following a predefined metrical/rhyme scheme.","Costrizione strofica che impone l’organizzazione del testo in strofe di quattro versi, eventualmente secondo uno schema metrico-rimico prefissato.",traditional,formal
literary_constraint_05,Alternating rhyme,Rima alternata,Rhyme constraint requiring an alternating rhyme pattern (typically ABAB) across adjacent lines within a stanza or section.,Costrizione rimica che impone un andamento alternato delle rime (tipicamente schema ABAB) tra versi contigui di una strofa o sezione.,traditional,formal
literary_constraint_06,Mythographic units,Mitografemi,Constraint that turns a sequence of mythological names into a poem through caesuras and punctuation: the names function as graphic units (graphemes).,Costrizione che trasforma una sequenza di nomi mitologici in componimento attraverso cesure e punteggiatura: i nomi funzionano come unità grafiche (grafemi).,original,formal
literary_constraint_07,Hendecasyllable,Endecasillabo,Metrical constraint requiring lines of eleven syllables according to Italian versification rules.,Costrizione metrica che impone l’uso di versi di undici sillabe secondo le regole della versificazione italiana.,traditional,formal
literary_constraint_08,Terzine,Terzina,"Stanzaic constraint requiring the text to be organized into three-line stanzas, optionally following a predefined metrical/rhyme scheme.","Costrizione strofica che impone l’organizzazione del testo in strofe di tre versi, eventualmente secondo uno schema metrico-rimico determinato.",traditional,formal
literary_constraint_09,Palindrome,Palindromo,Constraint requiring a linguistic sequence (word/sentence/text) to be identical when read forward and backward.,Costrizione che richiede la costruzione di una sequenza linguistica (parola/frase/testo) che risulti identica se letta da sinistra a destra e viceversa.,traditional,formal
literary_constraint_10,Cento,Centone,"Constraint consisting in composing a text by stitching together pre-existing lines or fragments from one or more sources/authors, with minimal alteration.","Costrizione che consiste nel comporre un testo assemblando versi o frammenti preesistenti tratti da uno o più testi/autori, con interventi minimi.",traditional,formal
literary_constraint_11,Fixed rhyme,Rima fissa,Rhyme constraint that fixes a predefined set of rhymes (ending sounds or rhyme-words) and their required placement/recurrence throughout the text.,Costrizione rimica che impone un insieme prefissato di rime (suoni finali o parole-rima) e la loro ricorrenza in posizioni determinate lungo il testo.,traditional,formal
literary_constraint_12,Homographic translation,Traduzione omografica,"Bilingual constraint that produces two texts, each in a different language, from the same written sequence: the same letter string is segmented differently (word breaks/punctuation), yielding two autonomous linguistic readings.","Costrizione bilingue che produce due testi, ciascuno in una lingua diversa, a partire da una medesima sequenza grafica: la stessa stringa di lettere viene segmentata in modi differenti (spaziatura/punteggiatura), generando due letture linguistiche autonome.",original,formal
literary_constraint_13,Alfabeto raffigurato,Figured Alphabet,"A graphic-visual constraint consisting of the composition of a text within a literary grid, understood as a defined geometric space, where the arrangement of letters is designed to visually reproduce the shape of the letter itself, effectively turning the script into a figurative geometry.","Costrizione grafico-visiva che consiste nel comporre un testo all'interno di una griglia letteraria intesa come spazio geometrico delimitato, dove la disposizione delle lettere è finalizzata a riprodurre visivamente il disegno della lettera stessa.",original,formal
literary_constraint_14,Fixed text length constraint,Lunghezza del testo fissa ,"Constraint requiring an exact predetermined text length, measured under an explicit criterion (e.g., number of characters including spaces).","Costrizione che impone una lunghezza esatta predeterminata del testo, misurata secondo un criterio esplicito (es. numero di caratteri, spazi inclusi).",traditional,formal
literary_constraint_15,Typographic constraints,Norme tipografiche,"Constraint requiring adherence to typographic and editorial conventions defined by a reference model (e.g., house style: quotation marks, italics, paragraphing, etc.).","Costrizione che impone l’adozione di convenzioni tipografiche e redazionali definite da un modello di riferimento (es. norme editoriali: uso di virgolette, corsivi, capoversi, ecc.).",traditional,formal
literary_constraint_16,Constraint on narrative characters,Costrizione sui personaggi narrativi,"Constraint fixing a predefined set of characters (number, names and/or roles) and possibly requiring mandatory attributes by which they must be characterized in the text.","Costrizione che impone un insieme prefissato di personaggi (numero, nomi e/o ruoli) e può prescrivere attributi obbligatori con cui devono essere caratterizzati nel testo.",traditional,semantic
literary_constraint_17,Fixed narrative setting ,Ambientazione fissa ,Constraint requiring the narrative setting.,Costrizione che rende obbligata l’ambientazione narrativa.,traditional,semantic
literary_constraint_18,Mandatory sentence inclusion constraint,Inclusione obbligatoria di una frase,Constraint requiring the verbatim inclusion of a given sentence (or verbal sequence) at some point in the text.,Costrizione che impone l’inserzione letterale di una frase data (o sequenza verbale) in un punto qualsiasi del testo.,traditional,formal
literary_constraint_19,Literary genre constraint,Costrizione del genere letterario,"Constraint requiring adherence to a specified literary genre and its pragmatic and structural conventions (e.g., giallo).",Costrizione che impone l’adesione a un genere letterario determinato e alle sue convenzioni pragmatiche e strutturali (es. detective).,traditional,semantic
literary_constraint_20,Fixed title length constraint,Lunghezza del titolo fissa,"Constraint requiring an exact title length under a predefined criterion (e.g., number of letters), typically separate from the main text count.","Costrizione che impone una lunghezza esatta del titolo secondo un criterio prefissato (es. numero di lettere), tipicamente distinta dal conteggio del corpo del testo.",traditional,formal
literary_constraint_21,Page format constraint,Vincolo di formato pagina,Constraint requiring a predetermined page format or spatial structure.,Costrizione che impone un formato di pagina o una struttura spaziale predeterminata.,traditional,formal