crm:E39_Actor,rdf:type,rdfs:label,owl:sameAs,rdfs:seeAlso,skos:altLabel
oplepiana:author/addomine,crm:E39_Actor | prov:Agent,Elena Addòmine,,http://id.sbn.it/bid/BRIV004408,
oplepiana:author/albani,crm:E39_Actor | prov:Agent,Paolo Albani,https://viaf.org/viaf/41919639,,
oplepiana:author/alighieri,crm:E39_Actor | prov:Agent,Dante Alighieri,https://viaf.org/viaf/97105654,,
oplepiana:author/anna-vicari,crm:E39_Actor | prov:Agent,Anna Regina Busetto Vicari,https://viaf.org/viaf/24821209,,
oplepiana:author/aragona,crm:E39_Actor | prov:Agent,Raffaele Aragona,https://viaf.org/viaf/41978016,,
oplepiana:author/artusi,crm:E39_Actor | prov:Agent,Pellegrino Artusi,https://viaf.org/viaf/17212280,,
oplepiana:author/babic,crm:E39_Actor | prov:Agent,Joshua Babic,,https://www.joshuababic.ch/about,
oplepiana:author/baudelaire,crm:E39_Actor | prov:Agent,Charles Baudelaire,https://viaf.org/viaf/17218730,,
oplepiana:author/benabou,crm:E39_Actor | prov:Agent,Marcel Bénabou,https://viaf.org/viaf/27060829,,
oplepiana:author/berti,crm:E39_Actor | prov:Agent,Eduardo Berti,https://viaf.org/viaf/116548081,,
oplepiana:author/bizzarri,crm:E39_Actor | prov:Agent,Giulio Bizzarri,https://viaf.org/viaf/53225477,,
oplepiana:author/bloomfield,crm:E39_Actor | prov:Agent,Camille Bloomfield,https://viaf.org/viaf/264955822,,
oplepiana:author/brignoli,crm:E39_Actor | prov:Agent,Laura Brignoli,https://viaf.org/viaf/37084083,,
oplepiana:author/campagnoli,prov:Agent | crm:E39_Actor,Ruggero Campagnoli,https://viaf.org/viaf/46879675,,
oplepiana:author/carrese,crm:E39_Actor | prov:Agent,Massimo Gerardo Carrese,https://viaf.org/viaf/107365706,,
oplepiana:author/cavazzoni,crm:E39_Actor | prov:Agent,Ermanno Cavazzoni,https://viaf.org/viaf/59892487,,
oplepiana:author/chierchia,crm:E39_Actor | prov:Agent,Salvatore Chierchia,https://viaf.org/viaf/305314863,,Sal Kierkia
oplepiana:author/chiti,crm:E39_Actor | prov:Agent,Luca Chiti,http://id.sbn.it/bid/VIAV092089,,
oplepiana:author/chopin,crm:E39_Actor | prov:Agent,Fryderyk Chopin,https://viaf.org/viaf/71319254,,
oplepiana:author/ciasullo,crm:E39_Actor | prov:Agent,Cesare Ciasullo,https://viaf.org/viaf/109156563646323242947,,
oplepiana:author/doria,crm:E39_Actor | prov:Agent,Domenico D'Oria,https://viaf.org/viaf/164902329,,
oplepiana:author/eco,crm:E39_Actor | prov:Agent,Umberto Eco,https://viaf.org/viaf/108299403,,
oplepiana:author/eliana-vicari,crm:E39_Actor | prov:Agent,Eliana Vicari,https://viaf.org/viaf/292950830,,
oplepiana:author/eliot,crm:E39_Actor | prov:Agent,T. S. Eliot,https://viaf.org/viaf/56609282,,
oplepiana:author/enriques,crm:E39_Actor | prov:Agent,Lorenzo Enriques,,http://id.sbn.it/bid/DDSV314960,
oplepiana:author/eruli,crm:E39_Actor | prov:Agent,Brunella Eruli,https://viaf.org/viaf/5035675,,
oplepiana:author/fabrizi,crm:E39_Actor | prov:Agent,Daniela Fabrizi,,http://id.sbn.it/bid/TO0V155453,
oplepiana:author/falchetta,crm:E39_Actor | prov:Agent,Piero Falchetta,https://viaf.org/viaf/12445112,,
oplepiana:author/giuliani,crm:E39_Actor | prov:Agent,Marco Giuliani,,https://www.rebussisti.it/2025/06/29/il-trofeo-ari,Triton
oplepiana:author/grimal,crm:E39_Actor | prov:Agent,Pierre Grimal,https://viaf.org/viaf/66468194,,
oplepiana:author/jouet,crm:E39_Actor | prov:Agent,Jacques Jouet,https://viaf.org/viaf/61547538,,
oplepiana:author/leopardi,crm:E39_Actor | prov:Agent,Giacomo Leopardi,https://viaf.org/viaf/12311353,,
oplepiana:author/manzoni,crm:E39_Actor | prov:Agent,Alessandro Manzoni,https://viaf.org/viaf/14356,,
oplepiana:author/montalto,crm:E39_Actor | prov:Agent,Sandro Montalto,,http://id.sbn.it/bid/BIAV086030,
oplepiana:author/narros,crm:E39_Actor | prov:Agent,Jacopo Narros,https://viaf.org/viaf/8168733509365260801,,
oplepiana:author/odifreddi,crm:E39_Actor | prov:Agent,Piergiorgio Odifreddi,https://viaf.org/viaf/27127695,,
oplepiana:author/oplepo,crm:E39_Actor | prov:Agent,Oplepo,https://viaf.org/viaf/148099167,,
oplepiana:author/pelliti,crm:E39_Actor | prov:Agent,Matteo Pelliti,https://viaf.org/viaf/315181683,,
oplepiana:author/perec,crm:E39_Actor | prov:Agent,Georges Perec,https://viaf.org/viaf/66472103,,
oplepiana:author/pergola,crm:E39_Actor | prov:Agent,Paolo Pergola,,http://id.sbn.it/bid/LEKV000705,
oplepiana:author/petrarca,crm:E39_Actor | prov:Agent,Francesco Petrarca,https://viaf.org/viaf/39382430,,
oplepiana:author/poier-bernhard,crm:E39_Actor | prov:Agent,Astrid Poier-Bernhard,https://viaf.org/viaf/56768035,,
oplepiana:author/quartu,crm:E39_Actor | prov:Agent,Monica Quartu,https://viaf.org/viaf/32028688,,
oplepiana:author/queneau,crm:E39_Actor | prov:Agent,Raymond Queneau,https://viaf.org/viaf/95204781,,
oplepiana:author/sampieri,crm:E39_Actor | prov:Agent,Jean Talon Sampieri,,https://www.autorinprestito.it/autori/jean-talon/,
oplepiana:author/sanguineti,crm:E39_Actor | prov:Agent,Edoardo Sanguineti,https://viaf.org/viaf/66478877,,
oplepiana:author/sebregondi,crm:E39_Actor | prov:Agent,Maria Sebregondi,,http://id.sbn.it/bid/CFIV079611,
oplepiana:author/serra,crm:E39_Actor | prov:Agent,Màrius Serra,https://viaf.org/viaf/34748332,,
oplepiana:author/spinelli,crm:E39_Actor | prov:Agent,Aldo Spinelli,https://viaf.org/viaf/245219518,,
oplepiana:author/tonietto,crm:E39_Actor | prov:Agent,Stefano Tonietto,,http://id.sbn.it/bid/VEAV313927,
oplepiana:author/varaldo,crm:E39_Actor | prov:Agent,Giuseppe Varaldo,,http://id.sbn.it/bid/CFIV018313,
oplepiana:author/weiss,crm:E39_Actor | prov:Agent,Giorgio Weiss,https://viaf.org/viaf/180157098575272552661,,