crm:E33_Linguistic_Object,rdf:type,crm:P129_is_about,crm:P3_has_note@it,crm:P67_refers_to,prov:wasAttributedTo
oplepiana:ling_obj/ling_obj_01,crm:E33_Linguistic_Object,desmos:heterogram | desmos:anagram,Il componimento è basato su di un eterogramma anagrammato cento volte in altrettante stringhe.,oplepiana:expression/e_plaquette_01,oplepiana:author/oplepo
oplepiana:ling_obj/ling_obj_02,crm:E33_Linguistic_Object,desmos:regraphing,Rigrafia è la scrittura di un testo a partire da un altro testo dato.,oplepiana:expression/e_plaquette_02,oplepiana:author/spinelli
oplepiana:ling_obj/ling_obj_03,crm:E33_Linguistic_Object,desmos:mythographic_units,"Una semplice sequenza ininterrotta di nomi di personaggi mitologici [...] si trasforma in un componimento poetico. Canto tenero è costituito da 14 strofe, ciascuna di 4 endecasillabi a rima alterna, con schema metrico ABAB CDCD.",oplepiana:expression/e_plaquette_03,oplepiana:author/varaldo
oplepiana:ling_obj/ling_obj_04,crm:E33_Linguistic_Object,desmos:classical_sonnet | desmos:palindrome,È parso interessante all’Autore «innestare il palindromo su una struttura: il sonetto».,oplepiana:expression/e_plaquette_04,oplepiana:author/campagnoli
oplepiana:ling_obj/ling_obj_05,crm:E33_Linguistic_Object,desmos:monorhyme | desmos:cento,"Estratte dalla Commedia e dal Canzoniere [...] tutte le rime in -ita [...] ho cercato di combinarle, tentando anche, quando possibile, di [...] alternare i versi dell’uno e dell’altro poeta.",oplepiana:expression/e_plaquette_05,oplepiana:author/falchetta
oplepiana:ling_obj/ling_obj_06,crm:E33_Linguistic_Object,desmos:lipogram_A | desmos:monovocalism | desmos:classical_sonnet,Si tratta di una serie di sonetti lipogrammatici in x [...] trasformabili in altrettanti sonetti monovocalici in x.,oplepiana:expression/e_plaquette_06,oplepiana:author/campagnoli
oplepiana:ling_obj/ling_obj_07,crm:E33_Linguistic_Object,desmos:homographic_translation,"Mi son chiesta, però, cosa sarebbe successo se avessi preso una sola sequenza di lettere (un unico testo, dunque) e avessi provato a spezzare simultaneamente in due differenti modi tale sequenza, al fine di pervenire a parole diverse che, con aggiustamenti di punteggiatura, formassero due differenti testi, per di più bilingui.",oplepiana:expression/e_plaquette_07,oplepiana:author/addomine
oplepiana:ling_obj/ling_obj_08,crm:E33_Linguistic_Object,desmos:homonymy,"Era inevitabile che un oplepiano di origine enigmistica finisse prima o poi per utilizzare una restrizione dilogica, stabilendo così un naturale collegamento con quanto è alla base dei moderni enigmi, almeno in Italia: l'omonimia.",oplepiana:expression/e_plaquette_08,oplepiana:author/aragona
oplepiana:ling_obj/ling_obj_09,crm:E33_Linguistic_Object,desmos:statistical_bound_in_E,Il testo non solo rispetta rigidamente la [...] frequenza delle 'e' ma anche il loro posizionamento costante: nell'arco di tutto il testo dopo ogni 'e' ci sono infatti otto lettere e poi ancora una 'e' e così via in un più che regolare rimbalzo statistico.,oplepiana:expression/e_plaquette_09,oplepiana:author/spinelli
oplepiana:ling_obj/ling_obj_10,crm:E33_Linguistic_Object,desmos:semi_automatic_locutionary_text | desmos:sestina,"Le 'istruzioni', per brevità semplificate, sono: a) Si prende un dizionario dei modi di dire [...]. Si va alla prima 'voce'. b) Si trascrive il 1° 'modo di dire' sotto la voce, coniugando il verbo. c) Si cerca il primo sostantivo nella 'definizione' del 'modo di dire'. d) Si va alla voce corrispondente al sostantivo o, se non c'è, a quella sùbito successiva al posto che occuperebbe se ci fosse. e) Si trascrive il primo 'modo di dire' sotto la voce, coniugando il verbo e accordando gli aggettivi. f) Al sesto modo di dire ci si ferma, si dispone in sei versi e si dà un 'titolo' alla sestina ('sestina per modo di dire'). g) Si passa alla voce successiva, procedendo nello stesso modo per una nuova sestina.",oplepiana:expression/e_plaquette_10,oplepiana:author/oplepo
oplepiana:ling_obj/ling_obj_11,crm:E33_Linguistic_Object,desmos:anagraphy,"Mi preoccupai però, anche qui a concorso già bandito, di informare l'autore del quale si proponeva di scompigliare sensatamente l'inizio del romanzo L'isola del giorno prima (Ed. Bompiani, Milano, 1994, pag. 5 e anche in quarta di copertina).",oplepiana:expression/e_plaquette_11,oplepiana:author/chierchia
oplepiana:ling_obj/ling_obj_12,crm:E33_Linguistic_Object,desmos:figured_alphabet,La struttura del «gioco dell’alfabeto raffigurato» si basa sulla costruzione di una «griglia letteraria».,oplepiana:expression/e_plaquette_12,oplepiana:author/albani
oplepiana:ling_obj/ling_obj_13,crm:E33_Linguistic_Object,desmos:stolen_letters,[...] la struttura delle 'lettere rubate' ovvero un procedimento che [...] consiste nella 'produzione di testi a mezzo di testi' grazie alla semplice sottrazione di una lettera. [...] Si parte da un testo [...] per generarne un altro completamente diverso dal punto di vista semantico attraverso la sola detrazione di una lettera (la R nei miei 'esercizi'). In questo senso il testo di arrivo può essere considerato un lipogramma nella lettera 'sbandita'. [...] Ai brevi componimenti nati dall'applicazione della struttura delle 'lettere rubate' ho dato il nome di «ritagli poetici».,oplepiana:expression/e_plaquette_13,oplepiana:author/albani
oplepiana:ling_obj/ling_obj_14,crm:E33_Linguistic_Object,desmos:solfeix,"In 'Turandot spuria' propongo una costrizione basata sulla traslitterazione musicale di un brano spurio dell'ultima opera di Puccini. [...] Il 'Solfeix' è basato sulla traslitterazione sillabica di una melodia prestabilita; ma, invece di attribuire un significato chiuso ad ogni serie di note [...] o di mettere ogni nota in relazione ad una sillaba [...] si tratta di aggiungere un fascio di nuove sillabe tra i nomi delle note della melodia, avendo ben presente la durata di ogni nota.",oplepiana:expression/e_plaquette_14,oplepiana:author/serra
oplepiana:ling_obj/ling_obj_15,crm:E33_Linguistic_Object,desmos:syllable_expansion,"A quando - si domandano speranzosi - le quindici variazioni metriche o sillabiche di Tanto gentile e tanto onesta, di Alla Sera, dell'Albero a cui tendevi, di Meriggiare pallido e via dicendo? Sembra quasi una sfida.",oplepiana:expression/e_plaquette_15,oplepiana:author/chiti
oplepiana:ling_obj/ling_obj_16,crm:E33_Linguistic_Object,desmos:mandatory_theme | desmos:typographic_constraints | desmos:fixed_title_length | desmos:fixed_text_length | desmos:fixed_fictional_setting | desmos:fixed_fictional_time | desmos:mandatory_genre | desmos:fixed_fictional_character,"Le regole sono: (1) la lunghezza di ogni testo è fissata in 25.586 caratteri (spazi inclusi); (2) per quanto riguarda le norme tipografiche si fa riferimento a quelle in uso nei volumi pubblicati dalla Casa Editrice Einaudi; (3) in ogni testo compaiono e agiscono quattro personaggi fissi e unici (O, P, L, E), ciascuno caratterizzato in modo esplicito da almeno un attributo che inizi con la lettera del proprio nome; (4) l’ambientazione scelta è Anghiari nell’anno 1996; (5) ogni testo deve contenere, in un punto qualsiasi della narrazione, la seguente frase: Ogni piccola luce evoca profonde oscurità; (6) il tema del racconto deve essere: mystery story o suspense; (7) il titolo del racconto, escluso dal computo dei caratteri del testo, deve essere di 13 lettere.",oplepiana:expression/e_plaquette_16,oplepiana:author/oplepo
oplepiana:ling_obj/ling_obj_17,crm:E33_Linguistic_Object,desmos:mandatory_genre | desmos:acronym,"Oplepo ha scelto la forma dell'elogio per celebrare il decennale della sua nascita [...]. L'argomento, il plot dei singoli elogi (questa è la regola, l'unica costrizione richiesta) è vincolato al rispetto dell'acronimo di Oplepo.",oplepiana:expression/e_plaquette_17,oplepiana:author/oplepo
oplepiana:ling_obj/ling_obj_17_addomine,crm:E33_Linguistic_Object,desmos:acronym,"L'intero testo è un acronimo onomastico: le iniziali di ciascuna parola formano, di séguito, i nomi dei membri attivi dell'OPLEPO.",oplepiana:expression/e_plaquette_17_text_addomine,oplepiana:author/oplepo
oplepiana:ling_obj/ling_obj_17_aragona,crm:E33_Linguistic_Object,desmos:progressive_alphabetical_lipogram | desmos:acronym | desmos:mandatory_genre,"Un elogio di lipogramma non può che essere lipogrammatico: ognuno dei suoi 'capitoli' fa a meno della lettera con la quale inizia, esaurendo, nell'ordine, tutte le lettere dell'alfabeto.",oplepiana:expression/e_plaquette_17_text_aragona,oplepiana:author/oplepo
oplepiana:ling_obj/ling_obj_17_chiti,crm:E33_Linguistic_Object,desmos:sdrucciola_rhyme | desmos:acronym | desmos:truncated_rhyme | desmos:tercet | desmos:mandatory_genre | desmos:septenary_double,"4 terzine di settenari doppi AAB. A è sempre rima sdrucciola, B è tronco. Ogni verso contiene tutte le lettere dell'acronimo OPLEPO.",oplepiana:expression/e_plaquette_17_text_chiti,oplepiana:author/oplepo
oplepiana:ling_obj/ling_obj_17_sebregondi,crm:E33_Linguistic_Object,desmos:alliteration | desmos:mandatory_genre | desmos:acronym,"L'elogio si apre con una incitazione (Orsù...) in forma di acronimo per OPLEPO. [...] In ciascun componimento inoltre risuona, attraverso allitterazioni variamente insistite, la lettera di cui è portatore.",oplepiana:expression/e_plaquette_17_text_sebregondi,oplepiana:author/oplepo
oplepiana:ling_obj/ling_obj_18,crm:E33_Linguistic_Object,desmos:cento,"Tutti i 151 versi che compongono il Cruccio sono indiscutibilmente di mano del poeta, poiché rintracciabili esattamente fra quelli dei cento canti tradizionali.",oplepiana:expression/e_plaquette_18,oplepiana:author/chiti
oplepiana:ling_obj/ling_obj_21,crm:E33_Linguistic_Object,desmos:proverbial_shift,"Lo slittamento proverbiale è il modo più rettilineo, economico e meccanizzabile di produrre, da un romanzo noto e in via d'usura o da un romanzo ignoto e ormai senza speranza, un secondo romanzo modernissimo, mai prima udito e passibile di fama inaspettata.",oplepiana:expression/e_plaquette_21,oplepiana:author/cavazzoni
oplepiana:ling_obj/ling_obj_22,crm:E33_Linguistic_Object,desmos:mandatory_theme,"In questa plaquette ci sono due testi che si guardano, si completano, si coniugano, si arricchiscono vicendevolmente, due testi che ammiccano fra loro, che si scrutano e che in un certo senso si prendono burla l'uno dell'altro, stretti nelle grinfie di una doppiezza non ipocrita, ma ippocratica, sperimentale. La consegna ai partecipanti, riferita da Berardi, è stata: Devi scrivere un primo testo, che andrà sulla pagina di sinistra; e poi un secondo testo che sia — da qualsiasi punto di vista — il 'doppio' del primo. E starà sulla pagina di destra.",oplepiana:expression/e_plaquette_22,oplepiana:author/oplepo
oplepiana:ling_obj/ling_obj_23,crm:E33_Linguistic_Object,desmos:page_format,Restrizioni puramente quantitative sulla lunghezza dei brani […] in un caso una paginetta di una Moleskine […] nell’altro […] centosessanta caratteri degli SMS.,oplepiana:expression/e_plaquette_23,oplepiana:author/odifreddi
oplepiana:ling_obj/ling_obj_24,crm:E33_Linguistic_Object,desmos:temporal_constraint,"«La regola che regge la costruzione di testi poetici sui momenti emozionali di intensa brevità di questi Preludi è: far durare la loro declamazione o semplice lettura nei limiti del tempo di esecuzione di ciascuno dei detti Preludi; non si è trattato quindi di scrivere parole per musica, ma di ricreare una delle possibili atmosfere sentimentali intese da Chopin. [...] Si sarà forse prodotto l'effetto di una 'costrizione temporale', col vantaggio che, a differenza di altri esercizi oplepiani, questo qui proposto è anche, in certo modo, traducibile.»",oplepiana:expression/e_plaquette_24,oplepiana:author/chierchia
oplepiana:ling_obj/ling_obj_25,crm:E33_Linguistic_Object,desmos:mandatory_dedication,Plaquette in forma collettanea dedicata a Italo Calvino nel ventennale della sua morte (2005). La consegna non impone una contrainte formale comune: ciascun autore sviluppa una propria contrainte in dialogo con l'opera e la figura di Calvino.,oplepiana:expression/e_plaquette_25,oplepiana:author/oplepo
oplepiana:ling_obj/ling_obj_25_chierchia,crm:E33_Linguistic_Object,desmos:panvocalism | desmos:mandatory_dedication,"I 'telegrammi' dedicati a Italo Calvino, autore delle 'Aiuole per Queneau', sono 'panvocalici'; ciascuno di essi, cioè è costituito da parole nelle quali le cinque vocali compaiono tutte ed una volta sola.",oplepiana:expression/e_plaquette_25_text_chierchia,oplepiana:author/chierchia
oplepiana:ling_obj/ling_obj_25_varaldo,crm:E33_Linguistic_Object,desmos:beau_present | desmos:octave | desmos:mandatory_dedication,La contrainte è quella de 'les beaux présents': le tre ottave scritte utilizzando soltanto le otto diverse lettere del nome 'Italo Calvino'.,oplepiana:expression/e_plaquette_25_text_varaldo,oplepiana:author/oplepo
oplepiana:ling_obj/ling_obj_26,crm:E33_Linguistic_Object,desmos:mandatory_theme,"ll principio della chimera, animale mitologico frutto di un mostruoso assemblaggio al pari dell'ircocervo e di altre creature immaginarie, 'sembra potersi trasporre, in più modi diversi, nelle strutture letterarie', sosteneva François Le Lionnais nella sezione de La littérature potentielle (1973) dedicata alle manipolazioni lessicografiche, sintattiche o prosodiche. Sensibili allo spunto dell'ingegnere e scacchista oulipiano, gli Oplepiani hanno raccolto la sfida e prodotto le loro 'chimeriche trasposizioni', riferendosi alla parentela semantica tra chimerico, illusorio e fantastico (Borges).",oplepiana:expression/e_plaquette_26,oplepiana:author/oplepo
oplepiana:ling_obj/ling_obj_26_anna-vicari,crm:E33_Linguistic_Object,desmos:cento,"Il testo è costruito da innesti di vaneggiamenti di Albani (il leone), Odifreddi (la capra) e Cavazzoni (il serpente), su versi fiammanti (le vampe alitate dal mostro) di Sanguineti",oplepiana:expression/e_plaquette_26_text_anna-vicari,oplepiana:author/oplepo
oplepiana:ling_obj/ling_obj_26_doria,crm:E33_Linguistic_Object,desmos:isovocalism,"Tutti i sostantivi del testo, nomi propri compresi, contengono una successione ordinata di tre vocali secondo lo schema x y x",oplepiana:expression/e_plaquette_26_text_doria,oplepiana:author/oplepo
oplepiana:ling_obj/ling_obj_26_sanguineti,crm:E33_Linguistic_Object,desmos:poliacrostic | desmos:classical_sonnet | desmos:tautogram | desmos:mandatory_theme | desmos:sdrucciola_hendecasyllable,"Endecasillabi sdruccioli, con due sole rime ricorrenti, per un sonetto sulla chimera: ciascun verso è costituito da vocaboli aventi la stessa lettera iniziale tanto da formare un 'poliacrostico' su 'chimera'.",oplepiana:expression/e_plaquette_26_text_sanguineti,oplepiana:author/oplepo
oplepiana:ling_obj/ling_obj_27,crm:E33_Linguistic_Object,desmos:combinatorial_poem,"I dieci sonetti Centomila miliardi di chimere sono dedicati alla traduzione dei Cent mille milliards de poèmes di Raymond Queneau e celebrano fasti e nefasti dell'avventura traduttoria di M.S. nel confrontarsi con la celebre opera queniana e nell'interpretarla chimericamente. Il tema è dunque la traduzione [...] una contrainte non nuova, ripetendo il gioco combinatorio ideato da Queneau: dieci sonetti, un taglio sotto ciascun verso e la possibilità – grazie a un'opportuna struttura morfologica e sintattica – che ciascun verso sia intercambiabile con ogni altro verso situato nella stessa posizione; per ciascun verso esistono dieci possibili scelte indipendenti e, poiché i versi sono 14, si avranno in totale 10¹⁴ sonetti, cioè centomila miliardi di poesie. Ovvero – come dice lo stesso Queneau nell'introduzione ai suoi Cent mille milliards de poèmes (Gallimard, Paris, 1961) – «Volendo essere più espliciti per gli scettici: a ogni primo verso – in numero di dieci – si può far corrispondere dieci secondi versi differenti; ci sono dunque cento combinazioni diverse per i primi due versi; aggiungendo il terzo ce ne saranno mille e, per i dieci sonetti completi, di quattordici versi, si ottiene proprio il risultato suddetto».",oplepiana:expression/e_plaquette_27,oplepiana:author/sebregondi
oplepiana:ling_obj/ling_obj_28,crm:E33_Linguistic_Object,desmos:mandatory_theme,"Plaquette in forma collettanea sul tema delle Sirene, intese come 'fascinazioni' letterarie: il mito partenopeo e le figure sirenesche del Golfo di Napoli sono il pretesto compositivo per tredici testi à contrainte. Ciascun autore sviluppa una propria contrainte in dialogo con il tema.",oplepiana:expression/e_plaquette_28,oplepiana:author/oplepo
oplepiana:ling_obj/ling_obj_28_aragona,crm:E33_Linguistic_Object,desmos:prisoner_constraint | desmos:martellian_verse,"La 'traduzione' condotta in versi martelliani, utilizza una particolare struttura lipogrammatica: la contrainte du prisonnier.",oplepiana:expression/e_plaquette_28_text_aragona,oplepiana:author/oplepo
oplepiana:ling_obj/ling_obj_28_fabrizi,crm:E33_Linguistic_Object,desmos:lipogram_B | desmos:poliacrostic,"In ogni riga del testo, la prima parola contiene una sola 'i'; la seconda una sola 'o'; la terza una sola 's', a formare il nome 'Ios'. Inoltre, la lettera sempre assente, la 'b', posta davanti al nome 'Ios', dà luogo alla parola 'bios'.",oplepiana:expression/e_plaquette_28_text_fabrizi,oplepiana:author/oplepo
oplepiana:ling_obj/ling_obj_28_weiss,crm:E33_Linguistic_Object,desmos:acrostic | desmos:tautogram,Tautogramma multiplo con acrostico nel nome 'Partenope',oplepiana:expression/e_plaquette_28_text_weiss,oplepiana:author/oplepo
oplepiana:ling_obj/ling_obj_29,crm:E33_Linguistic_Object,desmos:mandatory_theme,"Plaquette in forma collettanea sul tema della gastronomia e della convivialità: le 'leggi della tavola' sono pretesto compositivo per tredici testi à contrainte che intrecciano i registri della cucina, del galateo conviviale e della tradizione letteraria gastronomica (con riferimenti, fra gli altri, a Artusi e a Perec). Ciascun autore sviluppa una propria contrainte in dialogo con il tema.",oplepiana:expression/e_plaquette_29,oplepiana:author/oplepo
oplepiana:ling_obj/ling_obj_29_addomine_a,crm:E33_Linguistic_Object,desmos:crown_of_sonnets,"In generale, la 'corona di sonetti' è un componimento formato dall'unione di più sonetti su uno stesso argomento. Questa 'Corona di sonetti gastronomici' [...] è composta da 15 sonetti; in essi l'ultimo verso del primo sonetto costituisce il primo verso di quello successivo, e così via. Il quindicesimo sonetto è formato da tutti gli ultimi versi dei 14 sonetti precedenti.",oplepiana:expression/e_plaquette_29_text_addomine,oplepiana:author/oplepo
oplepiana:ling_obj/ling_obj_29_addomine_b,crm:E33_Linguistic_Object,desmos:iambic_hendecasyllable | desmos:classical_sonnet,La struttura metrica selezionata segue lo schema classico di due quartine e due terzine di versi endecasillabi giambici a rima ABBA -ABBA / CDE - EDC. Le rime dei versi che non appaiono nel quindicesimo sonetto non sono mai ripetute.,oplepiana:expression/e_plaquette_29_text_addomine,oplepiana:author/oplepo
oplepiana:ling_obj/ling_obj_29_addomine_c,crm:E33_Linguistic_Object,desmos:non_repeating_rhyme,Le rime dei versi che non appaiono nel quindicesimo sonetto non sono mai ripetute.,oplepiana:expression/e_plaquette_29_text_addomine,oplepiana:author/oplepo
oplepiana:ling_obj/ling_obj_29_enriques,crm:E33_Linguistic_Object,desmos:anagram,"La 'magica' articolazione delle pietanze dei tre menu comprende due parti, l'una l'anagramma dell'altra.",oplepiana:expression/e_plaquette_29_text_enriques,oplepiana:author/oplepo
oplepiana:ling_obj/ling_obj_29_sanguineti,crm:E33_Linguistic_Object,desmos:alphabetical_acrostic | desmos:distich,"I 21 distici offrono, inoltre, un acrostico alfabetico doppio",oplepiana:expression/e_plaquette_29_text_sanguineti,oplepiana:author/oplepo
oplepiana:ling_obj/ling_obj_30_sanguineti_a,crm:E33_Linguistic_Object,desmos:acrobistic,"Si tratta di un 'acrobistico', definizione che richiama immediatamente la struttura utilizzata: nome e cognome del poeta francese contano esattamente 14 lettere e le rime ABAB ABAB AAB ABB foneticamente li richiamano.",oplepiana:expression/e_plaquette_30_text_sanguineti,oplepiana:author/oplepo
oplepiana:ling_obj/ling_obj_30_sanguineti_b,crm:E33_Linguistic_Object,desmos:acrostic,Il cognome del poeta [...] è ripetuto due volte in forma di acrostico,oplepiana:expression/e_plaquette_30_text_sanguineti,oplepiana:author/oplepo
oplepiana:ling_obj/ling_obj_31,crm:E33_Linguistic_Object,desmos:mandatory_dedication,"Plaquette in memoriam Edoardo Sanguineti, pubblicata nel 2010 (anno della sua scomparsa). Dall'introduzione: «Edoardo Sanguineti ha usato in modo assolutamente originale il segno d'interpunzione dei due punti, che nei suoi testi non prelude necessariamente a esplicazioni o elencazioni. Forse un modo seriamente giocoso di indicare i limiti della comunicazione, che non si definisce e chiude mai veramente; ma anche un invito e un richiamo alla necessità di tenerla aperta. Abbiamo scelto questo tratto inconfondibile della sua scrittura come introduzione al nostro volumetto di omaggi a lui dedicati: per dirgli con affetto che, dopo di lui e nella sua scia, terremo aperto e vivo il discorrere della parola ludica e sperimentale.»",oplepiana:expression/e_plaquette_31,oplepiana:author/oplepo
oplepiana:ling_obj/ling_obj_31_aragona,crm:E33_Linguistic_Object,desmos:acrostic | desmos:beau_present,Alla struttura del poliacrostico è unita quella del beau présent.,oplepiana:expression/e_plaquette_31_text_aragona,oplepiana:author/oplepo
oplepiana:ling_obj/ling_obj_31_benabou,crm:E33_Linguistic_Object,desmos:morale_elementaire,"La struttura è quella della 'morale élémentaire' che Raymond Queneau, suo 'inventore', così definì: 'All'inizio tre volte tre più un gruppo di sostantivi più aggettivo (o participio) con ripetizioni, rime, allitterazioni, echi 'ad libitum'; dopo, una sorta di intermezzo di sette versi da una a cinque sillabe: infine, una conclusione di tre più un gruppo di sostantivi più aggettivo che riprende più o meno alcune delle ventiquattro parole utilizzate nella prima parte'.",oplepiana:expression/e_plaquette_31_text_benabou,oplepiana:author/oplepo
oplepiana:ling_obj/ling_obj_31_chierchia,crm:E33_Linguistic_Object,desmos:lipogram | desmos:classical_sonnet | desmos:acrostic | desmos:distich | desmos:septenary,"La forma è quella del sonetto, molto cara a Sanguineti, con l'aggiunta di un settenario e un distico di endecasillabi [...]. L'acrostico si sviluppa in diagonale e cioè contando la prima lettera del primo verso, la seconda del secondo, la terza del terzo e così via. [...] L' 'epistolina', infine, rispetta la regola aggiuntiva per cui in ciascun verso compare una sola volta la lettera che determina la lettura trasversale.",oplepiana:expression/e_plaquette_31_text_chierchia,oplepiana:author/oplepo
oplepiana:ling_obj/ling_obj_31_eruli,crm:E33_Linguistic_Object,desmos:lipogram_S | desmos:lipogram_E,Il ricordo-mancanza è lipogrammatico nelle lettere iniziali del Poeta (E.S.).,oplepiana:expression/e_plaquette_31_text_eruli,oplepiana:author/oplepo
oplepiana:ling_obj/ling_obj_31_varaldo,crm:E33_Linguistic_Object,desmos:classical_sonnet | desmos:tautogram | desmos:acrostic,"Si tratta di un sonetto acrostico (la frase risultante è SANGUINETI AMAT) e, nei singoli versi, sostanzialmente tautogrammatico. [...] lo schema rimico è volutamente non ABBA BAAB CDC DCD, bensì ABBA ABBA CDC DCD, ossia quello pressoché sempre utilizzato dall'Autore.",oplepiana:expression/e_plaquette_31_text_varaldo,oplepiana:author/oplepo
oplepiana:ling_obj/ling_obj_32,crm:E33_Linguistic_Object,desmos:mandatory_theme,"Chi più chi meno, ciascuno ha sempre qualcosa da confessare, e anche gli oplepiani non sfuggono a questa regola di vita.",oplepiana:expression/e_plaquette_32,oplepiana:author/oplepo
oplepiana:ling_obj/ling_obj_32_addomine,crm:E33_Linguistic_Object,desmos:acrostic,"Si tratta di un acrostico orizzontale che, nella sequenza di quanto confessato dalla 'peccatrice', mostra i titoli dei suoi testi pubblicati nelle diverse 'plaquettes' oplepiane preceduti ciascuno dal titolo della relativa 'plaquette' che li contiene.",oplepiana:expression/e_plaquette_32_text_addomine,oplepiana:author/oplepo
oplepiana:ling_obj/ling_obj_32_spinelli_a,crm:E33_Linguistic_Object,desmos:enumerating_text,"Trattandosi di una confessione 'orale', nel computo delle lettere sono ovviamente esclusi tutti i segni di interpunzione.",oplepiana:expression/e_plaquette_32_text_spinelli,oplepiana:author/oplepo
oplepiana:ling_obj/ling_obj_32_spinelli_b,crm:E33_Linguistic_Object,desmos:fixed_text_length,"L'intero testo, inoltre, titolo e nome dell'autore compresi, è composto da 2011 caratteri (lettere, spazi e segni d'interpunzione).",oplepiana:expression/e_plaquette_32_text_spinelli,oplepiana:author/oplepo
oplepiana:ling_obj/ling_obj_33,crm:E33_Linguistic_Object,desmos:word_length_oscillation,"La contrainte sta nell’utilizzare parole composte da N lettere, che siano precedute sempre da una parola con un numero di lettere N+1 o N–1, partendo da N=3 del titolo.",oplepiana:expression/e_plaquette_33,oplepiana:author/pergola
oplepiana:ling_obj/ling_obj_34,crm:E33_Linguistic_Object,desmos:mandatory_dedication,"[...] non potevano che essere numerosi e diversi i contributi di quanti - oplepiani, oulipiani e non - hanno voluto rendere omaggio allo scrittore che più di ogni altro personifica lo spirito e le caratteristiche della letteratura 'à contrainte'.",oplepiana:expression/e_plaquette_34,oplepiana:author/oplepo
oplepiana:ling_obj/ling_obj_34_albani_a,crm:E33_Linguistic_Object,desmos:visual_anaphora,"Le 'contraintes' sono: una sorta di «anafora visiva» consistente nell'uso ripetuto di alcune foto di Perec [...] che lo ritraggono di fronte o di profilo, tutte eccetto una ('clinamen').",oplepiana:expression/e_plaquette_34_text_albani,oplepiana:author/oplepo
oplepiana:ling_obj/ling_obj_34_albani_b,crm:E33_Linguistic_Object,desmos:fragmentation,"Le foto non sono mai presentate per intero, bensì in forma di frammento.",oplepiana:expression/e_plaquette_34_text_albani,oplepiana:author/oplepo
oplepiana:ling_obj/ling_obj_34_aragona,crm:E33_Linguistic_Object,desmos:beau_present,La struttura è quella del 'beau présent'; per essa vengono qui utilizzate soltanto le dodici lettere dei nomi degli sposi cui il testo è dedicato: ADEGILMNORUZ.,oplepiana:expression/e_plaquette_34_text_aragona,oplepiana:author/oplepo
oplepiana:ling_obj/ling_obj_34_carrese,crm:E33_Linguistic_Object,desmos:hypogram,"Le lettere che formano 'Perec Georges' si evidenziano unendo alla lettera iniziale della prima parola la lettera iniziale della seconda parola, poi la finale della prima parola e la finale della seconda [...]. La struttura appartiene alla categoria dell' «ipogramma».",oplepiana:expression/e_plaquette_34_text_carrese,oplepiana:author/oplepo
oplepiana:ling_obj/ling_obj_34_poier-bernhard,crm:E33_Linguistic_Object,desmos:monovocalism_E,"Si tratta, ovviamente, di un testo monovocalico in 'e'.",oplepiana:expression/e_plaquette_34_text_poier-bernhard,oplepiana:author/oplepo
oplepiana:ling_obj/ling_obj_34_varaldo,crm:E33_Linguistic_Object,desmos:progressive_vocalic_lipogram | desmos:classical_sonnet,"'Identikit lessicali' è il titolo complessivo dato a un gruppo di cinque sonetti, nei quali manca a turno una delle cinque vocali.",oplepiana:expression/e_plaquette_34_text_varaldo,oplepiana:author/oplepo
oplepiana:ling_obj/ling_obj_35,crm:E33_Linguistic_Object,desmos:mandatory_dedication | desmos:mandatory_genre,La forma e lo spirito di questi testi in ricordo di Brunella Eruli si ispirano ai 'Je me souviens' di Georges Perec.,oplepiana:expression/e_plaquette_35,oplepiana:author/oplepo
oplepiana:ling_obj/ling_obj_36,crm:E33_Linguistic_Object,desmos:octave,"Come si evince da titolo e sottotitolo, la 'plaquette' si articola in cinquanta ottave tutte liberamente ispirate al capolavoro manzoniano, ma composte usando ogni volta una regola, ovvero una 'contrainte', differente. [...] Una eventuale sfida per il lettore, da intendersi come gioco nel gioco, sarà quella di cercare d'indovinare, prima di scoprirla nelle GLOSSE, la regola che caratterizza ogni singola ottava: in alcuni casi l'individuazione è facilissima, in altri abbastanza difficile, in alcuni ancora praticamente impossibile.",oplepiana:expression/e_plaquette_36,oplepiana:author/varaldo
oplepiana:ling_obj/ling_obj_37,crm:E33_Linguistic_Object,desmos:preventive_review,"Il meccanismo ludolinguistico, in sé molto semplice, di questo testo è il seguente: l'uno (il sottoscritto) s'inventa una recensione per una poesia inesistente, l'altro (Cesare) compone una poesia proprio sulla base di quella recensione.",oplepiana:expression/e_plaquette_37,oplepiana:author/ciasullo | oplepiana:author/varaldo
oplepiana:ling_obj/ling_obj_38,crm:E33_Linguistic_Object,desmos:heterolexical_writing,"La 'contrainte' utilizzata nel testo è quella di 'sfuggire' da ogni parola, utilizzandola non più di una volta [...]. Questo uso singolo di ogni parola, detta scrittura 'eterolessicale', si evince dalla distribuzione di frequenza mostrata in figura A.",oplepiana:expression/e_plaquette_38,oplepiana:author/pergola
oplepiana:ling_obj/ling_obj_39,crm:E33_Linguistic_Object,desmos:fixed_text_length,"Quella di un testo a più mani non è certo idea nuova. Questo racconto pseudo poliziesco nasce con l'intento di rendere un omaggio all'Oplepo in occasione del compimento dei suoi venticinque anni di vita. In questa performance le 'mani' sono state 22 per essere undici gli oplepiani che vi hanno partecipato realizzando ciascuno un brano di lunghezza prefissata (825 battute, compresi gli spazi) e in linea con quello precedente; ciò secondo una successione prefissata in rispetto dell'ordine di adesione al progetto e con una seconda tornata che ha seguìto l'ordine inverso (salvo un intervenuto scambio dettato da esigenze vacanziere di uno degli autori). Perché 825? È presto detto: semplicemente perché 825 è il prodotto di 25 x 33, essendo 25 il numero di anni che si festeggiano e 33 quello degli oplepiani a oggi, 25 settembre 2015.",oplepiana:expression/e_plaquette_39,oplepiana:author/oplepo
oplepiana:ling_obj/ling_obj_40,crm:E33_Linguistic_Object,desmos:fixed_title_length,"Plaquette in forma collettanea per celebrare i 25 anni dell'Oplepo (Capri, 3 novembre 1990 - 2015). Dalla prefazione di Raffaele Aragona: «I 25 anni trascorsi dalle prime manifestazioni di Oplepo (Capri, 3 novembre 1990) sono adesso celebrati in modo elogiativo perché queste poche pagine di 25 autori sono composte da testi diversamente regolati (questo stesso compreso): una regola primaria comune, quella dei loro titoli di sole 25 battute (spazi inclusi), senza pur escludere altre (una o più) contraintes, dure o morbide, che ciascuno di essi cela o manifesta.»",oplepiana:expression/e_plaquette_40,oplepiana:author/aragona
oplepiana:ling_obj/ling_obj_40_berti,crm:E33_Linguistic_Object,desmos:LD_method,"Con alcune leggère libertà, il metodo LS (letteratura definizionale), affine a quello LSD (letteratura semi-definizionale).",oplepiana:expression/e_plaquette_40_text_berti,oplepiana:author/oplepo
oplepiana:ling_obj/ling_obj_40_brignoli_a,crm:E33_Linguistic_Object,desmos:embedded_numeral_calculus,La 'contrainte' consiste nell'inserimento di una serie di parole che iniziano o finiscono con dei numeri.,oplepiana:expression/e_plaquette_40_text_brignoli,oplepiana:author/oplepo
oplepiana:ling_obj/ling_obj_40_brignoli_b,crm:E33_Linguistic_Object,desmos:fixed_text_length | desmos:fixed_title_length,"Il testo conta 2500 battute, con il titolo saranno dunque 2525.",oplepiana:expression/e_plaquette_40_text_brignoli,oplepiana:author/oplepo
oplepiana:ling_obj/ling_obj_40_sebregondi,crm:E33_Linguistic_Object,desmos:acronym | desmos:tanka,"Il Tanka è un'antica forma di poesia giapponese, da cui pure deriva il più noto Haiku. Altrove, il suo nome suona anche come un breve 'Grazie'. [...] Ciascuno dei 6 Tanka celebra in successione una lettera della parola OPLEPO, formando così un 'macroacronimo'.",oplepiana:expression/e_plaquette_40_text_sebregondi,oplepiana:author/oplepo
oplepiana:ling_obj/ling_obj_41,crm:E33_Linguistic_Object,desmos:mandatory_dedication,"Plaquette in memoriam Umberto Eco (1932-2016), pubblicata nell'anno della sua scomparsa. Dalla prefazione: «È parso significativo intitolare questo librino con il primo dei tre versi con i quali Umberto Eco trasformò lipogrammaticamente (in 'o') quelli di Salvatore Quasimodo.» Il riferimento è a Umberto Eco, Vocali, Alfredo Guida Editore, Napoli, 1991, p. 28; rielaborazione di Salvatore Quasimodo, Ed è subito sera (1942).",oplepiana:expression/e_plaquette_41,oplepiana:author/oplepo
oplepiana:ling_obj/ling_obj_41_jouet,crm:E33_Linguistic_Object,desmos:brivadois_acrostiche,"È un 'acrostiche brivadois' completo; esso può considerarsi una 'oulipizzazione' del semplice acrostico. Ogni paragrafo inizia con una lettera volta a formare un semplice acrostico ma, oltre a ciò, le lettere iniziali delle parole di ciascun paragrafo seguono l'ordinata e ciclicamente completa progressione alfabetica.",oplepiana:expression/e_plaquette_41_text_jouet,oplepiana:author/oplepo
oplepiana:ling_obj/ling_obj_41_narros,crm:E33_Linguistic_Object,desmos:acrostic,Le lettere iniziali dei brevi paragrafi del testo (che sono anche le iniziali dei nomi dei personaggi) compongono l'acrostico UMBERTO.,oplepiana:expression/e_plaquette_41_text_narros,oplepiana:author/oplepo
oplepiana:ling_obj/ling_obj_41_varaldo_a,crm:E33_Linguistic_Object,desmos:octave,"L'ottava dà conto dei molti personaggi e/o spunti presenti tanto nei romanzi quanto nei saggi echiani. // L'ottava sottolinea gli interessi molteplici, e non di rado apparentemente contraddittòri, di Eco.",oplepiana:expression/e_plaquette_41_text_varaldo,oplepiana:author/varaldo
oplepiana:ling_obj/ling_obj_41_varaldo_b,crm:E33_Linguistic_Object,desmos:lipogram_A | desmos:lipogram_I | desmos:octave | desmos:lipogram_O,"Eco aveva una singolare passione per i giochi di parole imperniati sulle vocali [...]. In omaggio a questa sua predilezione sono state composte due ottave caratterizzate dalla presenza di due sole vocali (la A e la I nella prima, la I e la O nella seconda), le quali si alternano continuamente.",oplepiana:expression/e_plaquette_41_text_varaldo,oplepiana:author/oplepo
oplepiana:ling_obj/ling_obj_42,crm:E33_Linguistic_Object,desmos:combinatorial_lottery,"Questa plaquette nasce dall'idea di scrivere un testo costruito sui numeri delle estrazioni del Lotto. [...] Ho pensato di usare l''Enciclopedia del Lotto' al contrario: invece che introdurre delle parole per ottenerne in risposta dei numeri, ho cercato nell''Enciclopedia' dei numeri per ottenerne di rimando delle parole che potessero formare un testo.",oplepiana:expression/e_plaquette_42,oplepiana:author/narros
oplepiana:ling_obj/ling_obj_43,crm:E33_Linguistic_Object,desmos:classical_sonnet | desmos:metric_liposyllabism,Ogni sonetto è costruito eliminando le 'sillabe metriche' che compongono il nome e cognome del poeta preso di mira.,oplepiana:expression/e_plaquette_43,oplepiana:author/tonietto
oplepiana:ling_obj/ling_obj_44_aragona,crm:E33_Linguistic_Object,desmos:beau_present | desmos:poliacrostic,"Alla struttura del 'poliacrostico' (un 'acrostico', anche tautogrammatico verso per verso, che rimanda al titolo 'a Domenico D'Oria') è unita quella del 'beau présent', che impone l'uso delle sole lettere costituenti il nome della persona cui il testo è dedicato.",oplepiana:expression/e_plaquette_44_text_aragona,oplepiana:author/aragona
oplepiana:ling_obj/ling_obj_44_fabrizi,crm:E33_Linguistic_Object,desmos:beau_present,"La struttura è quella del 'Beau présent', nel quale sono utilizzate soltanto le lettere del nome della persona cui è dedicato.",oplepiana:expression/e_plaquette_44_text_fabrizi,oplepiana:author/fabrizi
oplepiana:ling_obj/ling_obj_45,crm:E33_Linguistic_Object,desmos:mandatory_dedication,"Questo fascicolo della 'Biblioteca Oplepiana' è nato per onorare qualcuno che ci ha lasciati e del quale si stenta ad annullare il ricordo. [...] Il risultato è un insieme di testi che esulano da qualsiasi forma di tristezza, la quale, comunque, ritorna ogni volta che ricompare il ricordo di Francesco.",oplepiana:expression/e_plaquette_45,oplepiana:author/oplepo
oplepiana:ling_obj/ling_obj_45_addomine,crm:E33_Linguistic_Object,desmos:anagram | desmos:beau_present | desmos:acrostic,"Il testo centrale è un 'beau présent': esso utilizza soltanto le lettere del nome e cognome della persona cui è dedicato. Un ulteriore particolare 'contrainte' è nel testo sottostante, il quale riporta tutti gli anagrammi parziali del nome e del cognome, separatamente [...]. Oltre a ciò, il 'sottotesto' presenta un acrostico verticale di parole evidenziate dal corsivo.",oplepiana:expression/e_plaquette_45_text_addomine,oplepiana:author/oplepo
oplepiana:ling_obj/ling_obj_46,crm:E33_Linguistic_Object,desmos:rebus,"Il rebus è un gioco illustrato composto da una o più vignette, nelle quali alcuni soggetti (persone, animali, cose) sono contrassegnati da lettere, denominate grafemi, o più raramente da asterischi. Procedendo da sinistra verso destra e abbinando opportunamente i grafemi con gli elementi da essi indicati, o nel caso degli asterischi specificando tout court ciò che gli elementi marcati sono o fanno, si otterrà una frase ('prima lettura'), la quale, mantenendo le lettere nel medesimo ordine ma ripartendole diversamente, verrà convertita in un'altra frase, di senso compiuto ('seconda lettura'), corrispondente alla soluzione del rebus. Il doppio diagramma numerico indica la lunghezza delle parole costituenti le due letture.",oplepiana:expression/e_plaquette_46,oplepiana:author/varaldo
oplepiana:ling_obj/ling_obj_47,crm:E33_Linguistic_Object,desmos:distich | desmos:acronym | desmos:postal_code_acrostic | desmos:quatrain | desmos:alternating_rhyme,"Le 'Cartoline di città' (dove l'acronimo CAP viene reinterpretato in 'Codici di Avviamento Poetico') sono brevi poesie geografico-sintetiche derivate dai vari Codici di Avviamento Postale italiani (o esteri) di altrettante città. Le lettere iniziali dei versi corrispondono al numero che compone il CAP secondo la corrispondenza A=0 e 1 (due numeri attribuiti alla stessa lettera A per mantenere la sequenza alfabetica più intuitiva, dove B è la seconda lettera dell'alfabeto), quindi B=2, C=3, ecc. I testi sono composti di due quartine e un distico (con rima ABAB ABAB CC) che ripartiscono i 10 numeri dei due CAP nei quali ogni verso inizia con la lettera corrispondente alla sequenza dei CAP cittadini.",oplepiana:expression/e_plaquette_47,oplepiana:author/pelliti
oplepiana:ling_obj/ling_obj_48,crm:E33_Linguistic_Object,desmos:lipogram_A | desmos:chained_rhyme | desmos:tercet | desmos:hendecasyllable,"L'Inferno di Dante è stato interamente riscritto in forma di lipogramma in A, omettendo cioè sistematicamente quella vocale. [...] Aggiungiamo che il presente lipogramma rispetta la metrica (terzine di endecasillabi in rima incatenata) e si tiene il più possibile fedele al senso, se non alla lettera, del poema",oplepiana:expression/e_plaquette_48,oplepiana:author/tonietto
oplepiana:ling_obj/ling_obj_49_addomine,crm:E33_Linguistic_Object,desmos:boule_de_neige,La 'boule de neige' è formata da tutte le parole estratte della 'Commedia'; la sua forma vuol ricordare i gironi danteschi e il monte del Purgatorio.,oplepiana:expression/e_plaquette_49_text_addomine,oplepiana:author/addomine
oplepiana:ling_obj/ling_obj_49_brignoli,crm:E33_Linguistic_Object,desmos:paronomasia,"(Dante Alighieri, 'Vita Nova', cap. XXVI) a partire da alcune variazioni aggettivali che offrono le rime con 'gentile' e 'onesta'.",oplepiana:expression/e_plaquette_49_text_brignoli,oplepiana:author/brignoli
oplepiana:ling_obj/ling_obj_49_spinelli,crm:E33_Linguistic_Object,desmos:permutation | desmos:panvocalism,"Se, invece delle parole, si prendono in considerazione le prime cinque vocali di ogni verso della Divina Commedia si può quasi coprire tutta la gamma delle permutazioni delle cinque lettere. Infatti nel poema dantesco vi sono ben 510 versi che presentano questa caratteristica ma [...] 12 delle 120 permutazioni non sono presenti. Scegliendo 108 versi con ordinamenti vocalici diversi (ma in rigoroso ordine alfabetico) ho costruito un poemetto il cui titolo Permutazion mantiene la stessa caratteristica panvocalica (e ho lasciato vuote le righe con le permutazioni assenti).",oplepiana:expression/e_plaquette_49_text_spinelli,oplepiana:author/spinelli
oplepiana:ling_obj/ling_obj_50_pelliti,crm:E33_Linguistic_Object,desmos:mandatory_dedication | desmos:anagram | desmos:acronym,Acrostico anagrammatico biografico per Charles Baudelaire.,oplepiana:expression/e_plaquette_50_text_pelliti,oplepiana:author/pelliti
oplepiana:ling_obj/ling_obj_50_sebregondi,crm:E33_Linguistic_Object,desmos:antonymic_rewriting,Dissonanze è un goffo tentativo di poesia antonimica esercitato senza il dovuto rigore oplepiano sul medesimo ben noto baudelairiano Correspondances. Del sonetto originario si conserva qui la struttura rimica ABBA CDDC EFE FGG.,oplepiana:expression/e_plaquette_50_text_sebregondi,oplepiana:author/sebregondi
oplepiana:ling_obj/ling_obj_51,crm:E33_Linguistic_Object,desmos:mandatory_dedication,"Il 10 febbraio 2023, presso l'Artoteca Alliance in Strada de' Gironda 22 a Bari, si è inaugurata la mostra 'Gustave Eiffel (1832-1923), l' 'homme de fer', organizzata dall'Alliance Française Bari. [...] La mostra documentaria ha ricostruito il percorso del famoso ingegnere attraverso pannelli informativi contenenti documenti d'epoca, quadri, poesie, fotografie, locandine cinematografiche e fumetti. [...] La mostra è stata completata da un pannello realizzato dall'Oplepo, che include cinque composizioni grafico-letterarie che circondano una caricatura dell'ingegnere e della sua torre.",oplepiana:expression/e_plaquette_51,oplepiana:author/oplepo
oplepiana:ling_obj/ling_obj_51_bloomfield,crm:E33_Linguistic_Object,desmos:value_inversion | desmos:anagram | desmos:calligram | desmos:homophony,"Omofonia rovesciata nel titolo: Eiffel -> «F:Elle» -> «Elle:F» e anche un po' nel testo «Effet elle»; 'contrainte' visiva (calligramma), anagrammatica (lato sinistro), sonora (un po' dappertutto) e semantica (rovesciamento di valori e di forme).",oplepiana:expression/e_plaquette_51_text_bloomfield,oplepiana:author/bloomfield
oplepiana:ling_obj/ling_obj_52,crm:E33_Linguistic_Object,desmos:divergent_captions | desmos:figure_derived_count,"Questa plaquette nasce da un falso ricordo. Mi sembrava di aver letto da qualche parte nelle 'Ricerche Filosofiche' di Wittgenstein qualcosa come «si potrebbe immaginare un libro nel quale la stessa immagine sia presente ovunque, accompagnata da un testo in cui si parla ogni volta di qualcosa di diverso». Poi sono andato a rileggere e ho verificato che in verità Wittgenstein dice qualcosa di vagamente simile, ma non esattamente la stessa cosa. Un libro fatto di didascalie per la stessa immagine me l'ero immaginato io e alla fine l'ho anche scritto. [...] Così ho optato per la versione del cubo di Necker che appare nelle 'Ricerche Filosofiche'. [...] Il risultato finale è quindi un racconto in novantasei didascalie. Perché novantasei? Mi sembrava doveroso che il numero di didascalie avesse qualcosa a che fare con la geometria di un cuboide. Alla fine ho optato per il numero 96 che è il prodotto del numero dei vertici (8) per il numero degli spigoli (12) di un cubo.",oplepiana:expression/e_plaquette_52,oplepiana:author/babic
oplepiana:ling_obj/ling_obj_53,crm:E33_Linguistic_Object,desmos:datation_lexicon | desmos:date_indexed_word_length | desmos:octave,"Queste trenta ottave s'ispirano tutte a un evento pregresso, sia esso storico o scientifico o culturale o sportivo o letterario, nonché caratterizzato da una data precisa, e sono state composte in modo tale che tutte le parole 'pregnanti' – vale a dire ogni sostantivo, ogni aggettivo e ogni verbo – rispondessero all'uno o all'altro di questi due requisiti: o essere state introdotte nella lingua italiana nel periodo storico contrassegnato da quella data, o avere lo stesso numero di lettere indicato dal giorno e dal mese. Per quanto riguarda l'anno, ai fini delle datazioni ho preso in considerazione […] anche i due anni immediatamente precedenti e i due anni immediatamente successivi. Per quanto riguarda il giorno, ho invece deciso di sommare le due cifre in caso di numeri compresi fra il 14 e il 31 […]. Per ciascuna delle tre opzioni richieste (vale a dire il riferimento all'anno, al mese e al giorno) in ogni ottava dovrà essere presente almeno un vocabolo. […] il vocabolario di riferimento è stato il Grande Dizionario Italiano dell'Uso (GRADIT) di Tullio De Mauro edizione 2007. Due casi particolari. Qualora l'anno riportato dal dizionario sia preceduto dall'abbreviazione 'av.' (= avanti) oppure dall'altra abbreviazione 'ca.' (= circa) […] ho ritenuto di poter impiegare solo quei vocaboli in cui l'anno indicato non fosse il primo dei cinque possibili […]. Inoltre, nel caso che un verbo non correlato alla datazione venga spezzato in due o più parti, come succede per qualsiasi tempo composto […] e succede quasi sempre per i verbi procomplementari […], tutte le parti dovranno ottemperare alla contrainte […].",oplepiana:expression/e_plaquette_53,oplepiana:author/varaldo
oplepiana:ling_obj/ling_obj_54,crm:E33_Linguistic_Object,desmos:handwritten_realization | desmos:mandatory_genre | desmos:figure_bounded_text,"[...] i membri dell'Oplepo hanno pensato di rivisitare il genere letterario del 'coccodrillo', e lo hanno fatto alla loro maniera, in modo originale e scherzoso [...], ovvero dandosi alcune regole che sono: 1. scrivere un 'coccodrillo' in qualunque forma espressiva che si preferisce, anche inventandosi una vita immaginaria, più sopportabile di quella effettiva; 2. il testo del 'coccodrillo' dev'essere contenuto nello spazio di un disegno che raffigura le sembianze di un coccodrillo vero; 3. il testo dev'essere scritto a mano, perché la grafia, così insegnano i grafologi, riflette la personalità dell'autore (non sono pochi gli scrittori, ad esempio Paul Auster, che scrivono a mano assaporando in questo modo le vibrazioni corporali che si connettono alla loro scrittura).",oplepiana:expression/e_plaquette_54,oplepiana:author/oplepo
oplepiana:ling_obj/ling_obj_55,crm:E33_Linguistic_Object,desmos:mandatory_dedication,"Sulla base degli esercizi qui raccolti, ispirati a Kafka nel centenario della nascita [...], si potrà pur dire che esiste anche un Kafka dell'Oplepo, piccolo, sparuto gruppo di anomali sperimentatori che si diverte a esplorare i misteriosi meandri del linguaggio.",oplepiana:expression/e_plaquette_55,oplepiana:author/albani
oplepiana:ling_obj/ling_obj_55_albani,crm:E33_Linguistic_Object,desmos:metagram | desmos:mandatory_dedication,"In questo metagramma, gioco inventato da Lewis Carroll, dove si passa da una parola all'altra con un solo cambiamento di lettera e dove ogni parola mantiene sempre almeno una 'k', in omaggio alle due del cognome dello scrittore boemo, Franz Kafka si trasforma alla fine, non in un «parassita» o «insetto infestante», tipo scarafaggio, ma in una mosca, restando pur sempre nel regno degli animali, e forse, nella metamorfosi, guadagnandoci in leggerezza.",oplepiana:expression/e_plaquette_55_text_albani,oplepiana:author/oplepo
oplepiana:ling_obj/ling_obj_55_pergola,crm:E33_Linguistic_Object,desmos:progressive_alphabetical_lipogram,"Si tratta di dieci lipogrammi successivi, ciascuno in linea con il 'compito'; i lipogrammi risultano anche 'puri' poiché in ognuno di essi manca soltanto una lettera dell'alfabeto italiano, essendo presenti tutte le altre.",oplepiana:expression/e_plaquette_55_text_pergola,oplepiana:author/oplepo
oplepiana:ling_obj/ling_obj_55_varaldo,crm:E33_Linguistic_Object,desmos:procomplementary_verb_lexicon | desmos:octave,"Tutti i verbi dell'ottava, evidenziati in grassetto, sono procomplementari. Il 'Verbo procomplementare' è quel verbo che, secondo la definizione che ne dà lo stesso GRADIT, «si usa stabilmente con particelle clitiche procomplementari (ad es. 'svignarsela') o che, in quanto usato con tali particelle, assume valori specifici, autonomi rispetto al verbo di base (ad es. sentirsela, vedersela, ecc.)».",oplepiana:expression/e_plaquette_55_text_varaldo,oplepiana:author/oplepo
oplepiana:ling_obj/ling_obj_56,crm:E33_Linguistic_Object,desmos:mandatory_theme,"In questa plaquette, ricca di esperimenti giocosi e acrobazie di ludolinguistica, l'Oplepo ha voluto omaggiare le Olimpiadi di Parigi 2024, ormai già conclusesi.",oplepiana:expression/e_plaquette_56,oplepiana:author/babic
oplepiana:ling_obj/ling_obj_56_aragona,crm:E33_Linguistic_Object,desmos:paronomasia | desmos:bisenso,Doppie letture per paronomàsia e bisensi.,oplepiana:expression/e_plaquette_56_text_aragona,oplepiana:author/aragona
oplepiana:ling_obj/ling_obj_57,crm:E33_Linguistic_Object,desmos:numeric_based_homosyntaxism,"Questa nuova contrainte si basa sull'omosintattismo, già esplorato dall'Oulipo, con l'aggiunta di vincoli legati al codice binario ('Omosintattismi su base numerica'): il numero di sillabe di ogni verso è convertito in binario e a 0/1 è assegnata una categoria sintattica; il testo di partenza è riscritto seguendo la sequenza.",oplepiana:expression/e_plaquette_57,oplepiana:author/montalto