desmos:TextualFeature,rdf:type,crm:P3_has_note@it,desmos:isFeatureOf,desmos:revealsConstraint
oplepiana:textual_feat/text_feature_01,desmos:TextualFeature,"Il testo presenta una sequenza numerata di lettere di uguale lunghezza, organizzate in forma di lista/colonna, ottenute per permutazione delle lettere della stessa base.",oplepiana:expression/e_plaquette_01,desmos:anagram | desmos:heterogram
oplepiana:textual_feat/text_feature_02,desmos:TextualFeature,La plaquette presenta una tabella strutturata con le intestazioni di pagina e riga che esplicita operativamente le istruzioni di selezione: la configurazione rende visibile che il testo è ottenuto applicando coordinate di estrazione (pagina/riga) a un testo sorgente.,oplepiana:expression/e_plaquette_02,desmos:regraphing
oplepiana:textual_feat/text_feature_03a,desmos:TextualFeature,Nel testo è presente un’alternanza sistematica tra carattere neretto e carattere normale; la marcatura tipografica evidenzia il succedersi delle unità mitografiche (mitografemi).,oplepiana:expression/e_plaquette_03,desmos:mythographic_units
oplepiana:textual_feat/text_feature_03b,desmos:TextualFeature,Elenco finale dei mitografemi in ordine di apparizione.,oplepiana:expression/e_plaquette_03,desmos:mythographic_units
oplepiana:textual_feat/text_feature_04,desmos:TextualFeature,Il componimento rende visibile l’innesto palindromico mediante una cornice di apertura/chiusura e sequenza di punteggiatura in mezzo.,oplepiana:expression/e_plaquette_04,desmos:palindrome
oplepiana:textual_feat/text_feature_05a,desmos:TextualFeature,La plaquette include un apparato finale strutturato che mappa per ciascun frammento la provenienza dei versi da Dante e Petrarca.,oplepiana:expression/e_plaquette_05,desmos:cento
oplepiana:textual_feat/text_feature_05b,desmos:TextualFeature,Nel frammento poetico la fine di verso mostra una ricorrenza sistematica della terminazione grafica in -ita.,oplepiana:expression/e_plaquette_05,desmos:monorhyme
oplepiana:textual_feat/text_feature_06,desmos:TextualFeature,"I sonetti monovocalici sono evidenziati mediante marcatura tipografica (corsivo), così da far emergere la trasformazione di ciascun verso.",oplepiana:expression/e_plaquette_06,desmos:lipogram_A | desmos:monovocalism
oplepiana:textual_feat/text_feature_07,desmos:TextualFeature,Il testo distingue graficamente le due letture della stessa base omografica tramite una marcatura tipografica differenziale (corsivo del blocco in inglese).,oplepiana:expression/e_plaquette_07,desmos:homographic_translation
oplepiana:textual_feat/text_feature_09,desmos:TextualFeature,"Nel testo la lettera 'e', su cui è fondata la costrizione, è marcata tipograficamente tramite il corsivo: la marcatura ortotipografica rende immediatamente percepibile alla lettura la ricorrenza periodica della lettera e ne segnala il valore strutturale all'interno del rimbalzo statistico.",oplepiana:expression/e_plaquette_09,desmos:statistical_bound_in_E
oplepiana:textual_feat/text_feature_12,desmos:TextualFeature,"Nel testo le occorrenze della lettera raffigurata sono evidenziate mediante marcatura tipografica (grassetto), così da far emergere visivamente la lettera come figura all’interno della griglia letteraria.",oplepiana:expression/e_plaquette_12,desmos:figured_alphabet
oplepiana:textual_feat/text_feature_14,desmos:TextualFeature,"Il testo presenta l'incorporazione sistematica dei nomi delle note musicali (monosillabi o bisillabi) posizionati a intervalli calcolati di sillabe 'libere'. La visibilità è data dalla ricorrenza di tali 'ancore' (es: DOmani, REcapito, MInistro) che scandiscono il ritmo matematico della lettura",oplepiana:expression/e_plaquette_14,desmos:solfeix
oplepiana:textual_feat/text_feature_15,desmos:TextualFeature,Ogni sezione è introdotta da un titolo che esplicita il numero delle sillabe seguito dalla poesia e dalla definizione metrica.,oplepiana:expression/e_plaquette_15,desmos:syllable_expansion
oplepiana:textual_feat/text_feature_18,desmos:TextualFeature,Accanto a ciascun verso è presente una colonna di riferimenti bibliografici allineati (canto/verso della Commedia) che indica la fonte di ciascun verso del testo.,oplepiana:expression/e_plaquette_18,desmos:cento
oplepiana:textual_feat/text_feature_19,desmos:TextualFeature,"Caratteristica visiva basata su due dispositivi tipografici, ovvero l'uso del punto mediano come separatore lessicale e l'inserimento di spazi bianchi all'interno dei morfemi che suggeriscono la caduta di grafemi.",oplepiana:expression/e_plaquette_19,desmos:lexical_gap
oplepiana:textual_feat/text_feature_21,desmos:TextualFeature,"Il testo presenta una marcatura tipografica (sottolineatura) e numerazione progressiva per identificare le unità del testo sorgente, mentre un'altra marcatura tipografica (grassetto) per identificare le unità derivate nel testo di arrivo. La corrispondenza numerica collega l'unità sorgente al proverbio sorgente e alla sua parola finale.",oplepiana:expression/e_plaquette_21,desmos:proverbial_shift
oplepiana:textual_feat/text_feature_22_addomine,desmos:TextualFeature,"Una medesima sequenza grafica, risegmentata con aggiustamenti di punteggiatura, genera due letture autonome, una in italiano e una in inglese.",oplepiana:expression/e_plaquette_22_text_addomine,desmos:homographic_translation
oplepiana:textual_feat/text_feature_24,desmos:TextualFeature,"Ogni lirica è preceduta dall'indicazione del tempo musicale e della tonalità del Preludio corrispondente (es. '1) Agitato in do maggiore', '6) Lento assai in si minore'); inoltre il Preludio n. 7 è accompagnato dalla riproduzione dello spartito chopiniano, segnalando esplicitamente la natura intermediale del vincolo e rendendo verificabile la calibrazione temporale del testo sulla durata musicale.",oplepiana:expression/e_plaquette_24,desmos:temporal_constraint
oplepiana:textual_feat/text_feature_25_doria,desmos:TextualFeature,"Il testo si dispone su pagine affrontate: su una pagina figura l'elenco dei titoli delle opere di Italo Calvino con le rispettive date di pubblicazione, nella pagina a fronte gli stessi titoli sono ripresi sostituendone le parole. L'allineamento speculare delle due liste rende visibile la trasformazione lessicale operata sulla bibliografia calviniana.",oplepiana:expression/e_plaquette_25_text_doria,desmos:permutation
oplepiana:textual_feat/text_feature_26_anna-vicari,desmos:TextualFeature,"Il testo presenta una doppia marcatura che ne rende visibile la struttura a innesto: i versi di Sanguineti, su cui sono innestati i frammenti, sono distinti tipograficamente in corsivo, mentre accanto a ciascuna parte testuale un richiamo numerico rinvia all'apparato finale dei riferimenti, che attribuisce ogni frammento alla rispettiva fonte (Albani, Cavazzoni, Odifreddi, Sanguineti). Il corsivo segnala la matrice sanguinetiana, la numerazione la provenienza dei frammenti.",oplepiana:expression/e_plaquette_26_text_anna-vicari,desmos:cento
oplepiana:textual_feat/text_feature_26_sanguineti,desmos:TextualFeature,"Il testo presenta un allineamento spaziale rigoroso dove la lettera iniziale di ogni vocabolo si ripete identica lungo l'intero verso (asse orizzontale) e segue una sequenza alfabetica predefinita lungo le colonne (asse verticale), rendendo leggibile il 'poliacrostico' basato sulla parola 'chimera', a cui è dedicata l'intera plaquette.",oplepiana:expression/e_plaquette_26_text_sanguineti,desmos:poliacrostic | desmos:tautogram
oplepiana:textual_feat/text_feature_27,desmos:TextualFeature,"Tutti i versi sono disposti in una tabella con sole righe orizzontali, che separano ciascun verso dal successivo: le linee richiamano il taglio in bande della pagina nell'opera originale di Queneau, dove ogni verso può essere sollevato e sostituito con quello corrispondente degli altri sonetti.",oplepiana:expression/e_plaquette_27,desmos:combinatorial_poem
oplepiana:textual_feat/text_feature_28_fabrizi,desmos:TextualFeature,"In ciascuna riga le lettere che compongono il nome 'Ios' sono evidenziate in grassetto — una sola 'i' nella prima parola, una sola 'o' nella seconda, una sola 's' nella terza: la marcatura tipografica rende visibile la lettura poliacrostica trasversale, che ricorre identica in ogni verso.",oplepiana:expression/e_plaquette_28_text_fabrizi,desmos:poliacrostic
oplepiana:textual_feat/text_feature_31_benabou,desmos:TextualFeature,"Il testo è disposto in colonna. La maggior parte delle righe è formata da due sole parole, un nome seguito da un aggettivo, che si susseguono una per riga; alcune di queste parole ritornano più volte nel componimento. Verso la metà, le righe a due parole sono interrotte da un blocco più breve, graficamente distinto, di versi di una o poche parole ciascuno. Dopo questo blocco riprendono le righe a due parole, alcune delle quali richiamano quelle iniziali.",oplepiana:expression/e_plaquette_31_text_benabou,desmos:morale_elementaire
oplepiana:textual_feat/text_feature_33,desmos:TextualFeature,"La plaquette include un apparato grafico che riporta, per ogni parola e nell'ordine della sequenza, il numero di lettere che la compongono. Il grafico è costruito sul testo della plaquette (figura A), dove il profilo procede a scalini di una sola lettera salendo o scendendo a ogni passo, e sulle prime 250 parole de 'I Promessi Sposi' di Alessandro Manzoni (figura B), usate come campione di controllo non vincolato, dove il profilo è irregolare e discontinuo. Il confronto rende visibile la regolarità della successione nel testo vincolato.",oplepiana:expression/e_plaquette_33,desmos:word_length_oscillation
oplepiana:textual_feat/text_feature_34_albani_a,desmos:TextualFeature,"Lungo l'opera ricorre ripetutamente la fotografia di Perec, ritratto di fronte o di profilo e sempre visibile. Una sola immagine si sottrae alla ripetizione: raggiunta da un filo nero, ritrae Perec di schiena e oscurato, così che la figura non è più riconoscibile; l'immagine è racchiusa nel disegno di una tessera di puzzle.",oplepiana:expression/e_plaquette_34_text_albani,desmos:visual_anaphora
oplepiana:textual_feat/text_feature_34_albani_b,desmos:TextualFeature,"Le fotografie non compaiono mai per intero, ma sempre come frammenti ritagliati.",oplepiana:expression/e_plaquette_34_text_albani,desmos:fragmentation
oplepiana:textual_feat/text_feature_38,desmos:TextualFeature,"La plaquette include un apparato grafico che rappresenta la frequenza d'uso delle parole. Per il testo della plaquette (figura A) la distribuzione è piatta e uniforme, perché ogni parola compare una sola volta. Per confronto, sulle prime 360 parole de 'I promessi sposi' di Alessandro Manzoni, usate come campione di controllo non vincolato (figura B), la distribuzione è fortemente irregolare, con poche parole molto frequenti e molte rare. Il contrasto rende visibile l'uso singolo di ogni parola nel testo vincolato.",oplepiana:expression/e_plaquette_38,desmos:heterolexical_writing
oplepiana:textual_feat/text_feature_40_sebregondi,desmos:TextualFeature,"Ciascuno dei sei Tanka si chiude con un'esclamazione bisillabica (per il primo, 'Oibò!'); le lettere iniziali delle sei esclamazioni, lette in successione lungo la serie dei componimenti, compongono la parola OPLEPO.",oplepiana:expression/e_plaquette_40_text_sebregondi,desmos:acronym
oplepiana:textual_feat/text_feature_43,desmos:TextualFeature,"Il testo presenta, alla fine, le glosse in cui è riportato l'elenco delle sillabe escluse per ogni singolo sonetto.",oplepiana:expression/e_plaquette_43,desmos:metric_liposyllabism
oplepiana:textual_feat/text_feature_45_addomine,desmos:TextualFeature,"Nel sottotesto la prima parola di ciascuna riga è in corsivo; lette in colonna lungo il margine, queste parole compongono un testo verticale autonomo e di senso compiuto (acrostico di parole).",oplepiana:expression/e_plaquette_45_text_addomine,desmos:acrostic
oplepiana:textual_feat/text_feature_46_giuliani,desmos:TextualFeature,"Sulla scena illustrata (un barbiere e il cliente) sono sovrimposti grafemi isolati — «F» sul barbiere, «FOR» al centro, «P» a terra, non integrati nel disegno ma da leggere come lettere. La loro presenza segnala che gli elementi raffigurati vanno abbinati ai grafemi per ricavare la prima lettura («P recisa / F rase FOR male»), risegmentata poi nella soluzione.",oplepiana:expression/e_plaquette_46_text_giuliani,desmos:rebus
oplepian:textual_feat/text_feature_51_aragona,desmos:TextualFeature,"Il testo è disposto in versi di lunghezza progressivamente crescente, ciascuno formato da una lettera in più rispetto al precedente; l’espansione progressiva dei versi produce una configurazione triangolare che richiama la silhouette della Torre Eiffel.",oplepiana:expression/e_plaquette_51_text_aragona,desmos:boule_de_neige
oplepiana:textual_feat/text_feature_51_bloomfield,desmos:TextualFeature,"La disposizione tipografica distribuisce il testo lungo linee verticali, oblique e curve convergenti, costruendo una configurazione visiva che richiama la Torre Eiffel rovesciata; al centro della composizione la sequenza “elle / F” rende inoltre visibile il gioco sul nome “Eiffel”.",oplepiana:expression/e_plaquette_51_text_bloomfield,desmos:calligram
oplepiana:textual_feat/text_feature_47,desmos:TextualFeature,"Il testo presenta, alla fine, le glosse in cui è riportato l'elenco delle poesie. Tra parentesi è riportato il CAP della città in questione e le prime lettere di ogni verso sono in grassetto, richiamando così le lettere del CAP.",oplepiana:expression/e_plaquette_47,desmos:postal_code_acrostic | desmos:acronym
oplepiana:textual_feat/text_feature_54,desmos:TextualFeature,La plaquette presenta alcuni testi accompagnati da un coccodrillo stilizzato con all'interno lo stesso testo scritto a mano dall'autrice/autore.,oplepiana:expression/e_plaquette_54,desmos:handwritten_realization | desmos:mandatory_genre | desmos:figure_bounded_text