intro:INT21_TextPassage,rdf:type,intro:R30i_isTextPassageOf,intro:R44_hasWording
oplepiana:passage/hypertext_plaquette_02_r97-99,intro:INT21_TextPassage,oplepiana:expression/e_plaquette_02,"provenienti da un nascondiglio scavato in una delle muraglie di Santa / Sofia. La lista degli oggetti in questione ci è nota per via di una lettera / nella sua stessa ironia, di una W."
oplepiana:passage/hypertext_plaquette_05_comp_I,intro:INT21_TextPassage,oplepiana:expression/e_plaquette_05,"Nel mezzo del cammin di nostra vita / L'ultimo dì, ch'è primo a l'altra vita."
oplepiana:passage/hypertext_plaquette_11_kierkia,intro:INT21_TextPassage,oplepiana:expression/e_plaquette_11,"Un'aborrita memoria della nostra , della mia deserta umiliazione , e una specie di credo sono quasi nave di salvezza : poiché godo ad aver l'unico privilegio d' esser uomo , su , m'inorgoglisco a tal fatto , eppure son condannato a naufragio ."
oplepiana:passage/hypertext_plaquette_15_monosillabi_001-009,intro:INT21_TextPassage,oplepiana:expression/e_plaquette_15,"Mi fu nel cuor / ad or ad or / quel mio bel col / che sta da sol, / e che, con quel / che qui vien su / dal suol, al ciel / là giù là giù / mi fa da vel."
oplepiana:passage/hypertext_plaquette_18_001-003,intro:INT21_TextPassage,oplepiana:expression/e_plaquette_18,"E, come l'uom che di trottare è lasso, / poi fummo fatti soli procedendo / di corno in corno e tra la cima e 'l basso."
oplepiana:passage/hypertext_plaquette_21_incipit,intro:INT21_TextPassage,oplepiana:expression/e_plaquette_21,"Due scrittori in riva al mare, giocavano con la sabbia e il secchiello. C'era seduto un terzo scrittore nei pressi che scavava con una paletta, e, come assorto, un quarto stava nell'acqua immerso fino ai ginocchi, contemplando le increspature del mare. Tra la sabbia, un quinto scrittore succhiava un gelato. ""Ora di scrivere!"", gridava a quel punto l'assistente sociale che andava suonando una campanella. Al che gli scrittori si alzavano allegri e festosi. Alcuni che erano in mare con il salvagente tornavano a riva, e così pure chi tra gli scogli guardava le alghe. ""Avete fatto le osservazioni?"", chiedeva l'assistente sociale. ""Sì"", rispondevano gli scrittori in coro. Poi entravano dentro la casa. ""I vestiti!"" - diceva l'assistente sociale, - non si scrive senza i vestiti""."
oplepiana:passage/hypertext_plaquette_28_aragona_001-004,intro:INT21_TextPassage,oplepiana:expression/e_plaquette_28_text_aragona,"ecco, m'arrivan suoni, sono come canzoni: / una sirena, una e una e una ancora; / son voci come un'eco a rincorrersi, voci, / ma esse mai, aimè, arriveranno a me;"
oplepiana:passage/hypertext_plaquette_29_sanguineti_01,intro:INT21_TextPassage,oplepiana:expression/e_plaquette_29_text_sanguineti,"allora, con la mestola forata, / alla scarlatta prende un bel colore"
oplepiana:passage/hypertext_plaquette_48_001-006,intro:INT21_TextPassage,oplepiana:expression/e_plaquette_48,"Nel mezzo giusto dell’esister nostro / Mi colsi perso dentr’un bosco oscuro, / ché il diritto sentier più non fu mostro. / Ohi come l’esser desso è dire duro, / d’esto bosco sì fitto e folto e forte / che nel pensier tutt’oggi mi torturo."
oplepiana:passage/hypertext_plaquette_50_sebregondi_001-004,intro:INT21_TextPassage,oplepiana:expression/e_plaquette_50_text_sebregondi,la cultura è un garage dove ci si assorda
oplepiana:passage/hypotext_text_artusi_ricetta_317,intro:INT21_TextPassage,oplepiana:expression/e_text_artusi,Allora con la mestola forata levatele asciutte e servitele sguazzanti nella salsa di pomodoro N.125 [...].
oplepiana:passage/hypotext_text_artusi_ricetta_360,intro:INT21_TextPassage,oplepiana:expression/e_text_artusi,"Alla scarlatta perché prende un bel color rosso; ed è, per aspetto e gusto, un piatto ben indovinato."
oplepiana:passage/hypotext_text_canzoniere_278_005-008,intro:INT21_TextPassage,oplepiana:expression/e_text_canzoniere,"et viva et bella et nuda al ciel salita: / indi mi signoreggia, indi mi sforza. / Deh perché me del mio mortal non scorza / l'ultimo dí, ch'è primo a l'altra vita?"
oplepiana:passage/hypotext_text_commedia_inf_01_001-003,intro:INT21_TextPassage,oplepiana:expression/e_text_commedia,"Nel mezzo del cammin di nostra vita / mi ritrovai per una selva oscura, / ché la diritta via era smarrita."
oplepiana:passage/hypotext_text_commedia_purg_24_070-072,intro:INT21_TextPassage,oplepiana:expression/e_text_commedia,"E come l'uom che di trottare è lasso, / lascia andar li compagni, e sì passeggia / fin che si sfoghi l'affollar del casso,"
oplepiana:passage/hypotext_text_correspondances_001-004,intro:INT21_TextPassage,oplepiana:expression/e_text_correspondances,La Nature est un temple où de vivants piliers / Laissent parfois sortir de confuses paroles; / L'homme y passe à travers des forêts de symboles / Qui l'observent avec des regards familiers.
oplepiana:passage/hypotext_text_inferno_01_001-006,intro:INT21_TextPassage,oplepiana:expression/e_text_inferno,"Nel mezzo del cammin di nostra vita / mi ritrovai per una selva oscura, / ché la diritta via era smarrita. / Ahi quanto a dir qual era è cosa dura / esta selva selvaggia e aspra e forte / che nel pensier rinova la paura!"
oplepiana:passage/hypotext_text_infinito_001-003,intro:INT21_TextPassage,oplepiana:expression/e_text_infinito,"Sempre caro mi fu quest'ermo colle, / e questa siepe, che da tanta parte / dell'ultimo orizzonte il guardo esclude."
oplepiana:passage/hypotext_text_isola_incipit,intro:INT21_TextPassage,oplepiana:expression/e_text_isola,"Eppure m'inorgoglisco della mia umiliazione , e poiché a tal privilegio son condannato , quasi godo d' un'aborrita salvezza : sono , credo , a memoria d' uomo , l'unico essere della nostra specie ad aver fatto naufragio su una nave deserta ."
oplepiana:passage/hypotext_text_istruzioni_p099_r26-27,intro:INT21_TextPassage,oplepiana:expression/e_text_istruzioni,provenienti da un nascondiglio scavato in una delle muraglie di Santa / Sofia. La lista degli oggetti in questione ci è nota per via di una lettera
oplepiana:passage/hypotext_text_istruzioni_p502_r5,intro:INT21_TextPassage,oplepiana:expression/e_text_istruzioni,"nella sua stessa ironia, di una W."
oplepiana:passage/hypotext_text_lovesong_124-125,intro:INT21_TextPassage,oplepiana:expression/e_text_lovesong,"I have heard the mermaids singing, each to each. / I do not think that they will sing to me."
oplepiana:passage/hypotext_text_promessi_sposi_incipit,intro:INT21_TextPassage,oplepiana:expression/e_text_promessi_sposi,"Quel ramo del lago di Como, che volge a mezzogiorno, tra due catene non interrotte di monti, tutto a seni e a golfi, a seconda dello sporgere e del rientrare di quelli, vien, quasi a un tratto, a ristringersi, e a prender corso e figura di fiume, tra un promontorio a destra, e un'ampia costiera dall'altra parte; e il ponte, che ivi congiunge le due rive, par che renda ancor più sensibile all'occhio questa trasformazione, e segni il punto in cui il lago cessa, e l'Adda ricomincia, per ripigliar poi nome di lago dove le rive, allontanandosi di nuovo, lascian l'acqua distendersi e rallentarsi in nuovi golfi e in nuovi seni."