intro:INT31_IntertextualRelation,rdf:type,intro:R12_hasReferredToEntity,intro:R13_hasReferringEntity,intro:R19_hasType
oplepiana:hypertextuality/hypertextuality_02,intro:INT31_IntertextualRelation,oplepiana:passage/hypotext_text_istruzioni_p099_r26-27 | oplepiana:passage/hypotext_text_istruzioni_p502_r5,oplepiana:passage/hypertext_plaquette_02_r97-99,desmos:hypertextuality
oplepiana:hypertextuality/hypertextuality_05,intro:INT31_IntertextualRelation,oplepiana:expression/e_text_commedia | oplepiana:expression/e_text_canzoniere,oplepiana:expression/e_plaquette_05,desmos:hypertextuality
oplepiana:hypertextuality/hypertextuality_11,intro:INT31_IntertextualRelation,oplepiana:expression/e_text_isola,oplepiana:expression/e_plaquette_11,desmos:hypertextuality
oplepiana:hypertextuality/hypertextuality_15,intro:INT31_IntertextualRelation,oplepiana:expression/e_text_infinito,oplepiana:expression/e_plaquette_15,desmos:hypertextuality
oplepiana:hypertextuality/hypertextuality_18,intro:INT31_IntertextualRelation,oplepiana:expression/e_text_commedia,oplepiana:expression/e_plaquette_18,desmos:hypertextuality
oplepiana:hypertextuality/hypertextuality_21,intro:INT31_IntertextualRelation,oplepiana:expression/e_text_promessi_sposi,oplepiana:expression/e_plaquette_21,desmos:hypertextuality
oplepiana:hypertextuality/hypertextuality_28,intro:INT31_IntertextualRelation,oplepiana:expression/e_text_lovesong,oplepiana:expression/e_plaquette_28_text_aragona,desmos:hypertextuality
oplepiana:hypertextuality/hypertextuality_29,intro:INT31_IntertextualRelation,oplepiana:passage/hypotext_text_artusi_ricetta_317 | oplepiana:passage/hypotext_text_artusi_ricetta_360,oplepiana:passage/hypertext_plaquette_29_sanguineti_01,desmos:hypertextuality
oplepiana:hypertextuality/hypertextuality_48,intro:INT31_IntertextualRelation,oplepiana:expression/e_text_inferno,oplepiana:expression/e_plaquette_48,desmos:hypertextuality
oplepiana:hypertextuality/hypertextuality_50,intro:INT31_IntertextualRelation,oplepiana:expression/e_text_correspondances,oplepiana:expression/e_plaquette_50_text_sebregondi,desmos:hypertextuality