lrmoo:F1_Work,rdf:type,dcterms:title,lrmoo:R3_is_realised_in,rdfs:seeAlso
oplepiana:work/w_plaquette_01,lrmoo:F1_Work,Edulcoranti,oplepiana:expression/e_plaquette_01,
oplepiana:work/w_plaquette_02,lrmoo:F1_Work,L'uso delle istruzioni,oplepiana:expression/e_plaquette_02,
oplepiana:work/w_plaquette_03,lrmoo:F1_Work,Canto tenero,oplepiana:expression/e_plaquette_03,
oplepiana:work/w_plaquette_04,lrmoo:F1_Work,Deliri edipici,oplepiana:expression/e_plaquette_04,
oplepiana:work/w_plaquette_05,lrmoo:F1_Work,Frammenti in vita,oplepiana:expression/e_plaquette_05,
oplepiana:work/w_plaquette_06,lrmoo:F1_Work,Vocalizzi Zulu,oplepiana:expression/e_plaquette_06,
oplepiana:work/w_plaquette_07,lrmoo:F1_Work,Forme For me,oplepiana:expression/e_plaquette_07,
oplepiana:work/w_plaquette_08,lrmoo:F1_Work,La viola del bardo,oplepiana:expression/e_plaquette_08,
oplepiana:work/w_plaquette_09,lrmoo:F1_Work,Le ripartite,oplepiana:expression/e_plaquette_09,
oplepiana:work/w_plaquette_10,lrmoo:F1_Work,Sestine per modo di dire,oplepiana:expression/e_plaquette_10,
oplepiana:work/w_plaquette_11,lrmoo:F1_Work,L'isola teletrasportata,oplepiana:expression/e_plaquette_11,
oplepiana:work/w_plaquette_12,lrmoo:F1_Work,Geometriche visioni,oplepiana:expression/e_plaquette_12,
oplepiana:work/w_plaquette_13,lrmoo:F1_Work,Rose osé,oplepiana:expression/e_plaquette_13,
oplepiana:work/w_plaquette_14,lrmoo:F1_Work,Turandot espuri,oplepiana:expression/e_plaquette_14,
oplepiana:work/w_plaquette_15,lrmoo:F1_Work,L'infinito futuro,oplepiana:expression/e_plaquette_15,
oplepiana:work/w_plaquette_16,lrmoo:F1_Work,Giallo di Anghiari,oplepiana:expression/e_plaquette_16,
oplepiana:work/w_plaquette_17,lrmoo:F1_Work,Esercizi di stime,oplepiana:expression/e_plaquette_17,
oplepiana:work/w_plaquette_18,lrmoo:F1_Work,Il centunesimo canto,oplepiana:expression/e_plaquette_18,
oplepiana:work/w_plaquette_19,lrmoo:F1_Work,Fantasmagorie,oplepiana:expression/e_plaquette_19,
oplepiana:work/w_plaquette_20,lrmoo:F1_Work,Art caveau,oplepiana:expression/e_plaquette_20,
oplepiana:work/w_plaquette_21,lrmoo:F1_Work,Morti fortunati,oplepiana:expression/e_plaquette_21,
oplepiana:work/w_plaquette_22,lrmoo:F1_Work,Il doppio,oplepiana:expression/e_plaquette_22,
oplepiana:work/w_plaquette_23,lrmoo:F1_Work,Riflessi in uno zaffiro orientale,oplepiana:expression/e_plaquette_23,
oplepiana:work/w_plaquette_24,lrmoo:F1_Work,Preludi,oplepiana:expression/e_plaquette_24,
oplepiana:work/w_plaquette_25,lrmoo:F1_Work,A Italo Calvino,oplepiana:expression/e_plaquette_25,
oplepiana:work/w_plaquette_26,lrmoo:F1_Work,Chimere,oplepiana:expression/e_plaquette_26,
oplepiana:work/w_plaquette_27,lrmoo:F1_Work,Centomila miliardi di chimere,oplepiana:expression/e_plaquette_27,
oplepiana:work/w_plaquette_28,lrmoo:F1_Work,Sirene. Fascinazioni,oplepiana:expression/e_plaquette_28,
oplepiana:work/w_plaquette_29,lrmoo:F1_Work,Le leggi della tavola. Regole per tutti i gusti,oplepiana:expression/e_plaquette_29,
oplepiana:work/w_plaquette_30,lrmoo:F1_Work,Capriccio oplepiano,oplepiana:expression/e_plaquette_30,
oplepiana:work/w_plaquette_31,lrmoo:F1_Work,A Edoardo Sanguineti,oplepiana:expression/e_plaquette_31,
oplepiana:work/w_plaquette_32,lrmoo:F1_Work,Le confessioni di italiano. Peccati di lingua,oplepiana:expression/e_plaquette_32,
oplepiana:work/w_plaquette_33,lrmoo:F1_Work,Lessico famigliare,oplepiana:expression/e_plaquette_33,
oplepiana:work/w_plaquette_34,lrmoo:F1_Work,A Georges Perec,oplepiana:expression/e_plaquette_34,
oplepiana:work/w_plaquette_35,lrmoo:F1_Work,Je me souviens,oplepiana:expression/e_plaquette_35,
oplepiana:work/w_plaquette_36,lrmoo:F1_Work,I costretti sposi,oplepiana:expression/e_plaquette_36,
oplepiana:work/w_plaquette_37,lrmoo:F1_Work,Eclisse,oplepiana:expression/e_plaquette_37,
oplepiana:work/w_plaquette_38,lrmoo:F1_Work,Aurelio e lo scrivano,oplepiana:expression/e_plaquette_38,
oplepiana:work/w_plaquette_39,lrmoo:F1_Work,Doppio epilogo per Andrea,oplepiana:expression/e_plaquette_39,
oplepiana:work/w_plaquette_40,lrmoo:F1_Work,Venticinque anni d’Oplepo,oplepiana:expression/e_plaquette_40,
oplepiana:work/w_plaquette_41,lrmoo:F1_Work,Passar la lunga sera sulla terra,oplepiana:expression/e_plaquette_41,
oplepiana:work/w_plaquette_42,lrmoo:F1_Work,Il barbiere notturno,oplepiana:expression/e_plaquette_42,
oplepiana:work/w_plaquette_43,lrmoo:F1_Work,Poeti scomparsi,oplepiana:expression/e_plaquette_43,
oplepiana:work/w_plaquette_44,lrmoo:F1_Work,Domenico D'Oria. On se souvient de toi,oplepiana:expression/e_plaquette_44,
oplepiana:work/w_plaquette_45,lrmoo:F1_Work,perdurante,oplepiana:expression/e_plaquette_45,
oplepiana:work/w_plaquette_46,lrmoo:F1_Work,Est modus in rebus,oplepiana:expression/e_plaquette_46,
oplepiana:work/w_plaquette_47,lrmoo:F1_Work,Cartoline di città,oplepiana:expression/e_plaquette_47,
oplepiana:work/w_plaquette_48,lrmoo:F1_Work,Il Divino Intreccio,oplepiana:expression/e_plaquette_48,
oplepiana:work/w_plaquette_49,lrmoo:F1_Work,Ridondante,oplepiana:expression/e_plaquette_49,
oplepiana:work/w_plaquette_50,lrmoo:F1_Work,Ciarle per Charles,oplepiana:expression/e_plaquette_50,
oplepiana:work/w_plaquette_51,lrmoo:F1_Work,Gustave Alexandre Eiffel. L'homme de fer,oplepiana:expression/e_plaquette_51,
oplepiana:work/w_plaquette_52,lrmoo:F1_Work,Il cuboide,oplepiana:expression/e_plaquette_52,
oplepiana:work/w_plaquette_53,lrmoo:F1_Work,In diebus illis,oplepiana:expression/e_plaquette_53,
oplepiana:work/w_plaquette_54,lrmoo:F1_Work,La scomparsa di sé. Coccodrillo nel coccodrillo,oplepiana:expression/e_plaquette_54,
oplepiana:work/w_plaquette_55,lrmoo:F1_Work,Kafkiana,oplepiana:expression/e_plaquette_55,
oplepiana:work/w_plaquette_56,lrmoo:F1_Work,Les jeux sont faits,oplepiana:expression/e_plaquette_56,
oplepiana:work/w_plaquette_57,lrmoo:F1_Work,Binari,oplepiana:expression/e_plaquette_57,
oplepiana:work/w_text_artusi,lrmoo:F1_Work,La scienza in cucina,oplepiana:expression/e_text_artusi,http://id.sbn.it/bid/CUB0036900
oplepiana:work/w_text_canzoniere,lrmoo:F1_Work,Canzoniere,oplepiana:expression/e_text_canzoniere,
oplepiana:work/w_text_cent_mille,lrmoo:F1_Work,Cent mille milliards de poèmes,oplepiana:expression/e_text_cent_mille,
oplepiana:work/w_text_commedia,lrmoo:F1_Work,Commedia,oplepiana:expression/e_text_commedia,https://www.wikidata.org/entity/Q40185
oplepiana:work/w_text_correspondances,lrmoo:F1_Work,Correspondances,oplepiana:expression/e_text_correspondances,http://id.sbn.it/bid/MO10011696
oplepiana:work/w_text_diz_modi,lrmoo:F1_Work,Dizionario dei modi di dire,oplepiana:expression/e_text_diz_modi,http://id.sbn.it/bid/BVE0034328
oplepiana:work/w_text_inferno,lrmoo:F1_Work,Inferno,oplepiana:expression/e_text_inferno,
oplepiana:work/w_text_infinito,lrmoo:F1_Work,Infinito,oplepiana:expression/e_text_infinito,
oplepiana:work/w_text_isola,lrmoo:F1_Work,L'isola del giorno prima,oplepiana:expression/e_text_isola,
oplepiana:work/w_text_istruzioni,lrmoo:F1_Work,La vita istruzioni per l'uso,oplepiana:expression/e_text_istruzioni,
oplepiana:work/w_text_lovesong,lrmoo:F1_Work,The Love Song of J. Alfred Prufrock,oplepiana:expression/e_text_lovesong,http://id.sbn.it/bid/TO01754771
oplepiana:work/w_text_miti,lrmoo:F1_Work,Enciclopedia dei miti,oplepiana:expression/e_text_miti,
oplepiana:work/w_text_preludi,lrmoo:F1_Work,Preludi op. 28,oplepiana:expression/e_text_preludi,http://id.sbn.it/bid/DDS0181550
oplepiana:work/w_text_promessi_sposi,lrmoo:F1_Work,I promessi sposi,oplepiana:expression/e_text_promessi_sposi,