lrmoo:F3_Manifestation,rdf:type,dcterms:title,lrmoo:R4_embodies,crm:P148i_is_component_of,schema:pagination,dcterms:issued,dcterms:description@it,dcterms:description@en,owl:sameAs,crm:P148_has_component
oplepiana:manifestation/m_oplepiana_1,lrmoo:F3_Manifestation,"La Biblioteca Oplepiana, I volume",,,,2005,,,,oplepiana:manifestation/m_plaquette_16 | oplepiana:manifestation/m_plaquette_01 | oplepiana:manifestation/m_plaquette_21 | oplepiana:manifestation/m_plaquette_03 | oplepiana:manifestation/m_plaquette_07 | oplepiana:manifestation/m_plaquette_05 | oplepiana:manifestation/m_plaquette_18 | oplepiana:manifestation/m_plaquette_24 | oplepiana:manifestation/m_plaquette_09 | oplepiana:manifestation/m_plaquette_04 | oplepiana:manifestation/m_plaquette_23 | oplepiana:manifestation/m_plaquette_02 | oplepiana:manifestation/m_plaquette_17 | oplepiana:manifestation/m_plaquette_20 | oplepiana:manifestation/m_plaquette_13 | oplepiana:manifestation/m_plaquette_08 | oplepiana:manifestation/m_plaquette_14 | oplepiana:manifestation/m_plaquette_19 | oplepiana:manifestation/m_plaquette_22 | oplepiana:manifestation/m_plaquette_11 | oplepiana:manifestation/m_plaquette_06 | oplepiana:manifestation/m_plaquette_12 | oplepiana:manifestation/m_plaquette_10 | oplepiana:manifestation/m_plaquette_15
oplepiana:manifestation/m_oplepiana_2,lrmoo:F3_Manifestation,"La Biblioteca Oplepiana, II volume",,,,2022,,,,oplepiana:manifestation/m_plaquette_30 | oplepiana:manifestation/m_plaquette_34 | oplepiana:manifestation/m_plaquette_36 | oplepiana:manifestation/m_plaquette_26 | oplepiana:manifestation/m_plaquette_31 | oplepiana:manifestation/m_plaquette_32 | oplepiana:manifestation/m_plaquette_27 | oplepiana:manifestation/m_plaquette_28 | oplepiana:manifestation/m_plaquette_25 | oplepiana:manifestation/m_plaquette_29 | oplepiana:manifestation/m_plaquette_33 | oplepiana:manifestation/m_plaquette_35
oplepiana:manifestation/m_oplepiana_3,lrmoo:F3_Manifestation,"La Biblioteca Oplepiana, III volume",,,,2022,,,,oplepiana:manifestation/m_plaquette_42 | oplepiana:manifestation/m_plaquette_40 | oplepiana:manifestation/m_plaquette_38 | oplepiana:manifestation/m_plaquette_43 | oplepiana:manifestation/m_plaquette_45 | oplepiana:manifestation/m_plaquette_44 | oplepiana:manifestation/m_plaquette_41 | oplepiana:manifestation/m_plaquette_37 | oplepiana:manifestation/m_plaquette_39
oplepiana:manifestation/m_plaquette_01,lrmoo:F3_Manifestation,Plaquette N. 1,oplepiana:expression/e_plaquette_01,oplepiana:manifestation/m_oplepiana_1,29-30,1990,"Plaquette raccolta in La Biblioteca Oplepiana, vol. I (Zanichelli, 2005), pp. 29-30.","Plaquette collected in La Biblioteca Oplepiana, vol. I (Zanichelli, 2005), pp. 29-30.",,
oplepiana:manifestation/m_plaquette_02,lrmoo:F3_Manifestation,Plaquette N. 2,oplepiana:expression/e_plaquette_02,oplepiana:manifestation/m_oplepiana_1,31-46,1991,"Plaquette raccolta in La Biblioteca Oplepiana, vol. I (Zanichelli, 2005), pp. 31-46.","Plaquette collected in La Biblioteca Oplepiana, vol. I (Zanichelli, 2005), pp. 31-46.",,
oplepiana:manifestation/m_plaquette_03,lrmoo:F3_Manifestation,Plaquette N. 3,oplepiana:expression/e_plaquette_03,oplepiana:manifestation/m_oplepiana_1,47-64,1992,"Plaquette raccolta in La Biblioteca Oplepiana, vol. I (Zanichelli, 2005), pp. 47-64.","Plaquette collected in La Biblioteca Oplepiana, vol. I (Zanichelli, 2005), pp. 47-64.",,
oplepiana:manifestation/m_plaquette_04,lrmoo:F3_Manifestation,Plaquette N. 4,oplepiana:expression/e_plaquette_04,oplepiana:manifestation/m_oplepiana_1,65-66,1992,"Plaquette raccolta in La Biblioteca Oplepiana, vol. I (Zanichelli, 2005), pp. 65-66.","Plaquette collected in La Biblioteca Oplepiana, vol. I (Zanichelli, 2005), pp. 65-66.",,
oplepiana:manifestation/m_plaquette_05,lrmoo:F3_Manifestation,Plaquette N. 5,oplepiana:expression/e_plaquette_05,oplepiana:manifestation/m_oplepiana_1,67-96,1993,"Plaquette raccolta in La Biblioteca Oplepiana, vol. I (Zanichelli, 2005), pp. 67-96.","Plaquette collected in La Biblioteca Oplepiana, vol. I (Zanichelli, 2005), pp. 67-96.",,
oplepiana:manifestation/m_plaquette_06,lrmoo:F3_Manifestation,Plaquette N. 6,oplepiana:expression/e_plaquette_06,oplepiana:manifestation/m_oplepiana_1,97-98,1994,"Plaquette raccolta in La Biblioteca Oplepiana, vol. I (Zanichelli, 2005), pp. 97-98.","Plaquette collected in La Biblioteca Oplepiana, vol. I (Zanichelli, 2005), pp. 97-98.",,
oplepiana:manifestation/m_plaquette_07,lrmoo:F3_Manifestation,Plaquette N. 7,oplepiana:expression/e_plaquette_07,oplepiana:manifestation/m_oplepiana_1,99-112,1994,"Plaquette raccolta in La Biblioteca Oplepiana, vol. I (Zanichelli, 2005), pp. 99-112.","Plaquette collected in La Biblioteca Oplepiana, vol. I (Zanichelli, 2005), pp. 99-112.",,
oplepiana:manifestation/m_plaquette_08,lrmoo:F3_Manifestation,Plaquette N. 8,oplepiana:expression/e_plaquette_08,oplepiana:manifestation/m_oplepiana_1,113-134,1994,"Plaquette raccolta in La Biblioteca Oplepiana, vol. I (Zanichelli, 2005), pp. 113-134.","Plaquette collected in La Biblioteca Oplepiana, vol. I (Zanichelli, 2005), pp. 113-134.",,
oplepiana:manifestation/m_plaquette_09,lrmoo:F3_Manifestation,Plaquette N. 9,oplepiana:expression/e_plaquette_09,oplepiana:manifestation/m_oplepiana_1,135-148,1994,"Plaquette raccolta in La Biblioteca Oplepiana, vol. I (Zanichelli, 2005), pp. 135-148.","Plaquette collected in La Biblioteca Oplepiana, vol. I (Zanichelli, 2005), pp. 135-148.",,
oplepiana:manifestation/m_plaquette_10,lrmoo:F3_Manifestation,Plaquette N. 10,oplepiana:expression/e_plaquette_10,oplepiana:manifestation/m_oplepiana_1,149-150,1994,"Plaquette raccolta in La Biblioteca Oplepiana, vol. I (Zanichelli, 2005), pp. 149-150.","Plaquette collected in La Biblioteca Oplepiana, vol. I (Zanichelli, 2005), pp. 149-150.",,
oplepiana:manifestation/m_plaquette_11,lrmoo:F3_Manifestation,Plaquette N. 11,oplepiana:expression/e_plaquette_11,oplepiana:manifestation/m_oplepiana_1,151-163,1996,"Plaquette raccolta in La Biblioteca Oplepiana, vol. I (Zanichelli, 2005), pp. 151-163.","Plaquette collected in La Biblioteca Oplepiana, vol. I (Zanichelli, 2005), pp. 151-163.",,
oplepiana:manifestation/m_plaquette_12,lrmoo:F3_Manifestation,Plaquette N. 12,oplepiana:expression/e_plaquette_12,oplepiana:manifestation/m_oplepiana_1,165-196,1996,"Plaquette raccolta in La Biblioteca Oplepiana, vol. I (Zanichelli, 2005), pp. 165-196.","Plaquette collected in La Biblioteca Oplepiana, vol. I (Zanichelli, 2005), pp. 165-196.",,
oplepiana:manifestation/m_plaquette_13,lrmoo:F3_Manifestation,Plaquette N. 13,oplepiana:expression/e_plaquette_13,oplepiana:manifestation/m_oplepiana_1,197-211,1998,"Plaquette raccolta in La Biblioteca Oplepiana, vol. I (Zanichelli, 2005), pp. 197-211.","Plaquette collected in La Biblioteca Oplepiana, vol. I (Zanichelli, 2005), pp. 197-211.",,
oplepiana:manifestation/m_plaquette_14,lrmoo:F3_Manifestation,Plaquette N. 14,oplepiana:expression/e_plaquette_14,oplepiana:manifestation/m_oplepiana_1,213-231,1998,"Plaquette raccolta in La Biblioteca Oplepiana, vol. I (Zanichelli, 2005), pp. 213-231.","Plaquette collected in La Biblioteca Oplepiana, vol. I (Zanichelli, 2005), pp. 213-231.",,
oplepiana:manifestation/m_plaquette_15,lrmoo:F3_Manifestation,Plaquette N. 15,oplepiana:expression/e_plaquette_15,oplepiana:manifestation/m_oplepiana_1,233-254,1999,"Plaquette raccolta in La Biblioteca Oplepiana, vol. I (Zanichelli, 2005), pp. 233-254.","Plaquette collected in La Biblioteca Oplepiana, vol. I (Zanichelli, 2005), pp. 233-254.",,
oplepiana:manifestation/m_plaquette_16,lrmoo:F3_Manifestation,Plaquette N. 16,oplepiana:expression/e_plaquette_16,oplepiana:manifestation/m_oplepiana_1,255-364,1999,"Plaquette raccolta in La Biblioteca Oplepiana, vol. I (Zanichelli, 2005), pp. 255-364.","Plaquette collected in La Biblioteca Oplepiana, vol. I (Zanichelli, 2005), pp. 255-364.",,
oplepiana:manifestation/m_plaquette_17,lrmoo:F3_Manifestation,Plaquette N. 17,oplepiana:expression/e_plaquette_17,oplepiana:manifestation/m_oplepiana_1,365-417,2000,"Plaquette raccolta in La Biblioteca Oplepiana, vol. I (Zanichelli, 2005), pp. 365-417.","Plaquette collected in La Biblioteca Oplepiana, vol. I (Zanichelli, 2005), pp. 365-417.",,
oplepiana:manifestation/m_plaquette_18,lrmoo:F3_Manifestation,Plaquette N. 18,oplepiana:expression/e_plaquette_18,oplepiana:manifestation/m_oplepiana_1,419-485,2001,"Plaquette raccolta in La Biblioteca Oplepiana, vol. I (Zanichelli, 2005), pp. 419-485.","Plaquette collected in La Biblioteca Oplepiana, vol. I (Zanichelli, 2005), pp. 419-485.",,
oplepiana:manifestation/m_plaquette_19,lrmoo:F3_Manifestation,Plaquette N. 19,oplepiana:expression/e_plaquette_19,oplepiana:manifestation/m_oplepiana_1,487-500,2001,"Plaquette raccolta in La Biblioteca Oplepiana, vol. I (Zanichelli, 2005), pp. 487-500.","Plaquette collected in La Biblioteca Oplepiana, vol. I (Zanichelli, 2005), pp. 487-500.",,
oplepiana:manifestation/m_plaquette_20,lrmoo:F3_Manifestation,Plaquette N. 20,oplepiana:expression/e_plaquette_20,oplepiana:manifestation/m_oplepiana_1,501-520,2001,"Plaquette raccolta in La Biblioteca Oplepiana, vol. I (Zanichelli, 2005), pp. 501-520.","Plaquette collected in La Biblioteca Oplepiana, vol. I (Zanichelli, 2005), pp. 501-520.",,
oplepiana:manifestation/m_plaquette_21,lrmoo:F3_Manifestation,Plaquette N. 21,oplepiana:expression/e_plaquette_21,oplepiana:manifestation/m_oplepiana_1,521-535,2001,"Plaquette raccolta in La Biblioteca Oplepiana, vol. I (Zanichelli, 2005), pp. 521-535.","Plaquette collected in La Biblioteca Oplepiana, vol. I (Zanichelli, 2005), pp. 521-535.",,
oplepiana:manifestation/m_plaquette_22,lrmoo:F3_Manifestation,Plaquette N. 22,oplepiana:expression/e_plaquette_22,oplepiana:manifestation/m_oplepiana_1,537-577,2004,"Plaquette raccolta in La Biblioteca Oplepiana, vol. I (Zanichelli, 2005), pp. 537-577.","Plaquette collected in La Biblioteca Oplepiana, vol. I (Zanichelli, 2005), pp. 537-577.",,
oplepiana:manifestation/m_plaquette_23,lrmoo:F3_Manifestation,Plaquette N. 23,oplepiana:expression/e_plaquette_23,oplepiana:manifestation/m_oplepiana_1,579-614,2005,"Plaquette raccolta in La Biblioteca Oplepiana, vol. I (Zanichelli, 2005), pp. 579-614.","Plaquette collected in La Biblioteca Oplepiana, vol. I (Zanichelli, 2005), pp. 579-614.",,
oplepiana:manifestation/m_plaquette_24,lrmoo:F3_Manifestation,Plaquette N. 24,oplepiana:expression/e_plaquette_24,oplepiana:manifestation/m_oplepiana_1,615-637,2005,"Plaquette raccolta in La Biblioteca Oplepiana, vol. I (Zanichelli, 2005), pp. 615-637.","Plaquette collected in La Biblioteca Oplepiana, vol. I (Zanichelli, 2005), pp. 615-637.",,
oplepiana:manifestation/m_plaquette_25,lrmoo:F3_Manifestation,Plaquette N. 25,oplepiana:expression/e_plaquette_25,oplepiana:manifestation/m_oplepiana_2,15-52,2005,"Plaquette raccolta in La Biblioteca Oplepiana, vol. II (in riga, 2022), pp. 15-52.","Plaquette collected in La Biblioteca Oplepiana, vol. II (in riga, 2022), pp. 15-52.",,
oplepiana:manifestation/m_plaquette_26,lrmoo:F3_Manifestation,Plaquette N. 26,oplepiana:expression/e_plaquette_26,oplepiana:manifestation/m_oplepiana_2,55-81,2006,"Plaquette raccolta in La Biblioteca Oplepiana, vol. II (in riga, 2022), pp. 55-81.","Plaquette collected in La Biblioteca Oplepiana, vol. II (in riga, 2022), pp. 55-81.",,
oplepiana:manifestation/m_plaquette_27,lrmoo:F3_Manifestation,Plaquette N. 27,oplepiana:expression/e_plaquette_27,oplepiana:manifestation/m_oplepiana_2,85-105,2007,"Plaquette raccolta in La Biblioteca Oplepiana, vol. II (in riga, 2022), pp. 85-105.","Plaquette collected in La Biblioteca Oplepiana, vol. II (in riga, 2022), pp. 85-105.",,
oplepiana:manifestation/m_plaquette_28,lrmoo:F3_Manifestation,Plaquette N. 28,oplepiana:expression/e_plaquette_28,oplepiana:manifestation/m_oplepiana_2,109-152,2008,"Plaquette raccolta in La Biblioteca Oplepiana, vol. II (in riga, 2022), pp. 109-152.","Plaquette collected in La Biblioteca Oplepiana, vol. II (in riga, 2022), pp. 109-152.",,
oplepiana:manifestation/m_plaquette_29,lrmoo:F3_Manifestation,Plaquette N. 29,oplepiana:expression/e_plaquette_29,oplepiana:manifestation/m_oplepiana_2,155-222,2009,"Plaquette raccolta in La Biblioteca Oplepiana, vol. II (in riga, 2022), pp. 155-222.","Plaquette collected in La Biblioteca Oplepiana, vol. II (in riga, 2022), pp. 155-222.",,
oplepiana:manifestation/m_plaquette_30,lrmoo:F3_Manifestation,Plaquette N. 30,oplepiana:expression/e_plaquette_30,oplepiana:manifestation/m_oplepiana_2,225-241,2010,"Plaquette raccolta in La Biblioteca Oplepiana, vol. II (in riga, 2022), pp. 225-241.","Plaquette collected in La Biblioteca Oplepiana, vol. II (in riga, 2022), pp. 225-241.",,
oplepiana:manifestation/m_plaquette_31,lrmoo:F3_Manifestation,Plaquette N. 31,oplepiana:expression/e_plaquette_31,oplepiana:manifestation/m_oplepiana_2,245-284,2010,"Plaquette raccolta in La Biblioteca Oplepiana, vol. II (in riga, 2022), pp. 245-284.","Plaquette collected in La Biblioteca Oplepiana, vol. II (in riga, 2022), pp. 245-284.",,
oplepiana:manifestation/m_plaquette_32,lrmoo:F3_Manifestation,Plaquette N. 32,oplepiana:expression/e_plaquette_32,oplepiana:manifestation/m_oplepiana_2,289-323,2011,"Plaquette raccolta in La Biblioteca Oplepiana, vol. II (in riga, 2022), pp. 289-323.","Plaquette collected in La Biblioteca Oplepiana, vol. II (in riga, 2022), pp. 289-323.",,
oplepiana:manifestation/m_plaquette_33,lrmoo:F3_Manifestation,Plaquette N. 33,oplepiana:expression/e_plaquette_33,oplepiana:manifestation/m_oplepiana_2,329-343,2012,"Plaquette raccolta in La Biblioteca Oplepiana, vol. II (in riga, 2022), pp. 329-343.","Plaquette collected in La Biblioteca Oplepiana, vol. II (in riga, 2022), pp. 329-343.",,
oplepiana:manifestation/m_plaquette_34,lrmoo:F3_Manifestation,Plaquette N. 34,oplepiana:expression/e_plaquette_34,oplepiana:manifestation/m_oplepiana_2,347-439,2012,"Plaquette raccolta in La Biblioteca Oplepiana, vol. II (in riga, 2022), pp. 347-439.","Plaquette collected in La Biblioteca Oplepiana, vol. II (in riga, 2022), pp. 347-439.",,
oplepiana:manifestation/m_plaquette_35,lrmoo:F3_Manifestation,Plaquette N. 35,oplepiana:expression/e_plaquette_35,oplepiana:manifestation/m_oplepiana_2,443-474,2012,"Plaquette raccolta in La Biblioteca Oplepiana, vol. II (in riga, 2022), pp. 443-474.","Plaquette collected in La Biblioteca Oplepiana, vol. II (in riga, 2022), pp. 443-474.",,
oplepiana:manifestation/m_plaquette_36,lrmoo:F3_Manifestation,Plaquette N. 36,oplepiana:expression/e_plaquette_36,oplepiana:manifestation/m_oplepiana_2,615-638,2014,"Plaquette raccolta in La Biblioteca Oplepiana, vol. II (in riga, 2022), pp. 615-638.","Plaquette collected in La Biblioteca Oplepiana, vol. II (in riga, 2022), pp. 615-638.",,
oplepiana:manifestation/m_plaquette_37,lrmoo:F3_Manifestation,Plaquette N. 37,oplepiana:expression/e_plaquette_37,oplepiana:manifestation/m_oplepiana_3,15-41,2014,"Plaquette raccolta in La Biblioteca Oplepiana, vol. III (in riga, 2022), pp. 15-41.","Plaquette collected in La Biblioteca Oplepiana, vol. III (in riga, 2022), pp. 15-41.",,
oplepiana:manifestation/m_plaquette_38,lrmoo:F3_Manifestation,Plaquette N. 38,oplepiana:expression/e_plaquette_38,oplepiana:manifestation/m_oplepiana_3,43-58,2015,"Plaquette raccolta in La Biblioteca Oplepiana, vol. III (in riga, 2022), pp. 43-58.","Plaquette collected in La Biblioteca Oplepiana, vol. III (in riga, 2022), pp. 43-58.",,
oplepiana:manifestation/m_plaquette_39,lrmoo:F3_Manifestation,Plaquette N. 39,oplepiana:expression/e_plaquette_39,oplepiana:manifestation/m_oplepiana_3,59-84,2015,"Plaquette raccolta in La Biblioteca Oplepiana, vol. III (in riga, 2022), pp. 59-84.","Plaquette collected in La Biblioteca Oplepiana, vol. III (in riga, 2022), pp. 59-84.",,
oplepiana:manifestation/m_plaquette_40,lrmoo:F3_Manifestation,Plaquette N. 40,oplepiana:expression/e_plaquette_40,oplepiana:manifestation/m_oplepiana_3,85-161,2015,"Plaquette raccolta in La Biblioteca Oplepiana, vol. III (in riga, 2022), pp. 85-161.","Plaquette collected in La Biblioteca Oplepiana, vol. III (in riga, 2022), pp. 85-161.",,
oplepiana:manifestation/m_plaquette_41,lrmoo:F3_Manifestation,Plaquette N. 41,oplepiana:expression/e_plaquette_41,oplepiana:manifestation/m_oplepiana_3,163-246,2016,"Plaquette raccolta in La Biblioteca Oplepiana, vol. III (in riga, 2022), pp. 163-246.","Plaquette collected in La Biblioteca Oplepiana, vol. III (in riga, 2022), pp. 163-246.",,
oplepiana:manifestation/m_plaquette_42,lrmoo:F3_Manifestation,Plaquette N. 42,oplepiana:expression/e_plaquette_42,oplepiana:manifestation/m_oplepiana_3,247-308,2018,"Plaquette raccolta in La Biblioteca Oplepiana, vol. III (in riga, 2022), pp. 247-308.","Plaquette collected in La Biblioteca Oplepiana, vol. III (in riga, 2022), pp. 247-308.",,
oplepiana:manifestation/m_plaquette_43,lrmoo:F3_Manifestation,Plaquette N. 43,oplepiana:expression/e_plaquette_43,oplepiana:manifestation/m_oplepiana_3,309-335,2019,"Plaquette raccolta in La Biblioteca Oplepiana, vol. III (in riga, 2022), pp. 309-335.","Plaquette collected in La Biblioteca Oplepiana, vol. III (in riga, 2022), pp. 309-335.",,
oplepiana:manifestation/m_plaquette_44,lrmoo:F3_Manifestation,Plaquette N. 44,oplepiana:expression/e_plaquette_44,oplepiana:manifestation/m_oplepiana_3,337-411,2020,"Plaquette raccolta in La Biblioteca Oplepiana, vol. III (in riga, 2022), pp. 337-411.","Plaquette collected in La Biblioteca Oplepiana, vol. III (in riga, 2022), pp. 337-411.",,
oplepiana:manifestation/m_plaquette_45,lrmoo:F3_Manifestation,Plaquette N. 45,oplepiana:expression/e_plaquette_45,oplepiana:manifestation/m_oplepiana_3,413-479,2020,"Plaquette raccolta in La Biblioteca Oplepiana, vol. III (in riga, 2022), pp. 413-479.","Plaquette collected in La Biblioteca Oplepiana, vol. III (in riga, 2022), pp. 413-479.",,
oplepiana:manifestation/m_plaquette_46,lrmoo:F3_Manifestation,Plaquette N. 46,oplepiana:expression/e_plaquette_46,,,2021,"Plaquette autonoma, non ancora raccolta in un volume della Biblioteca Oplepiana.","Standalone plaquette, not yet collected in a volume of the Biblioteca Oplepiana.",,
oplepiana:manifestation/m_plaquette_47,lrmoo:F3_Manifestation,Plaquette N. 47,oplepiana:expression/e_plaquette_47,,,2021,"Plaquette autonoma, non ancora raccolta in un volume della Biblioteca Oplepiana.","Standalone plaquette, not yet collected in a volume of the Biblioteca Oplepiana.",,
oplepiana:manifestation/m_plaquette_48,lrmoo:F3_Manifestation,Plaquette N. 48,oplepiana:expression/e_plaquette_48,,,2021,"Plaquette autonoma, non ancora raccolta in un volume della Biblioteca Oplepiana.","Standalone plaquette, not yet collected in a volume of the Biblioteca Oplepiana.",,
oplepiana:manifestation/m_plaquette_49,lrmoo:F3_Manifestation,Plaquette N. 49,oplepiana:expression/e_plaquette_49,,,2021,"Plaquette autonoma, non ancora raccolta in un volume della Biblioteca Oplepiana.","Standalone plaquette, not yet collected in a volume of the Biblioteca Oplepiana.",,
oplepiana:manifestation/m_plaquette_50,lrmoo:F3_Manifestation,Plaquette N. 50,oplepiana:expression/e_plaquette_50,,,2021,"Plaquette autonoma, non ancora raccolta in un volume della Biblioteca Oplepiana.","Standalone plaquette, not yet collected in a volume of the Biblioteca Oplepiana.",,
oplepiana:manifestation/m_plaquette_51,lrmoo:F3_Manifestation,Plaquette N. 51,oplepiana:expression/e_plaquette_51,,,2023,"Plaquette autonoma, non ancora raccolta in un volume della Biblioteca Oplepiana.","Standalone plaquette, not yet collected in a volume of the Biblioteca Oplepiana.",,
oplepiana:manifestation/m_plaquette_52,lrmoo:F3_Manifestation,Plaquette N. 52,oplepiana:expression/e_plaquette_52,,,2023,"Plaquette autonoma, non ancora raccolta in un volume della Biblioteca Oplepiana.","Standalone plaquette, not yet collected in a volume of the Biblioteca Oplepiana.",,
oplepiana:manifestation/m_plaquette_53,lrmoo:F3_Manifestation,Plaquette N. 53,oplepiana:expression/e_plaquette_53,,,2024,"Plaquette autonoma, non ancora raccolta in un volume della Biblioteca Oplepiana.","Standalone plaquette, not yet collected in a volume of the Biblioteca Oplepiana.",,
oplepiana:manifestation/m_plaquette_54,lrmoo:F3_Manifestation,Plaquette N. 54,oplepiana:expression/e_plaquette_54,,,2024,"Plaquette autonoma, non ancora raccolta in un volume della Biblioteca Oplepiana.","Standalone plaquette, not yet collected in a volume of the Biblioteca Oplepiana.",,
oplepiana:manifestation/m_plaquette_55,lrmoo:F3_Manifestation,Plaquette N. 55,oplepiana:expression/e_plaquette_55,,,2024,"Plaquette autonoma, non ancora raccolta in un volume della Biblioteca Oplepiana.","Standalone plaquette, not yet collected in a volume of the Biblioteca Oplepiana.",,
oplepiana:manifestation/m_plaquette_56,lrmoo:F3_Manifestation,Plaquette N. 56,oplepiana:expression/e_plaquette_56,,,2024,"Plaquette autonoma, non ancora raccolta in un volume della Biblioteca Oplepiana.","Standalone plaquette, not yet collected in a volume of the Biblioteca Oplepiana.",,
oplepiana:manifestation/m_plaquette_57,lrmoo:F3_Manifestation,Plaquette N. 57,oplepiana:expression/e_plaquette_57,,,2025,"Plaquette autonoma, non ancora raccolta in un volume della Biblioteca Oplepiana.","Standalone plaquette, not yet collected in a volume of the Biblioteca Oplepiana.",,
oplepiana:manifestation/m_text_artusi,lrmoo:F3_Manifestation,La scienza in cucina,oplepiana:expression/e_text_artusi,,,,,,,
oplepiana:manifestation/m_text_canzoniere,lrmoo:F3_Manifestation,Canzoniere,oplepiana:expression/e_text_canzoniere,,,,,,http://id.sbn.it/bid/CFI0039815,
oplepiana:manifestation/m_text_cent_mille,lrmoo:F3_Manifestation,Cent mille milliards de poèmes,oplepiana:expression/e_text_cent_mille,,,,,,https://data.bnf.fr/ark:/12148/cb12457215f,
oplepiana:manifestation/m_text_preludi,lrmoo:F3_Manifestation,24 Preludi op. 28,oplepiana:expression/e_text_preludi,,,,,,,
oplepiana:manifestation/m_text_commedia,lrmoo:F3_Manifestation,Commedia,oplepiana:expression/e_text_commedia,,,,,,,
oplepiana:manifestation/m_text_correspondances,lrmoo:F3_Manifestation,Correspondances,oplepiana:expression/e_text_correspondances,,,,,,,
oplepiana:manifestation/m_text_diz_modi,lrmoo:F3_Manifestation,Dizionario dei modi di dire,oplepiana:expression/e_text_diz_modi,,,,,,,
oplepiana:manifestation/m_text_inferno,lrmoo:F3_Manifestation,Inferno,oplepiana:expression/e_text_inferno,,,,,,http://id.sbn.it/bid/UBO2333486,
oplepiana:manifestation/m_text_infinito,lrmoo:F3_Manifestation,Infinito,oplepiana:expression/e_text_infinito,,,,,,http://id.sbn.it/bid/NAP0210511,
oplepiana:manifestation/m_text_isola,lrmoo:F3_Manifestation,L'isola del giorno prima,oplepiana:expression/e_text_isola,,,,,,http://id.sbn.it/bid/PUG0015264,
oplepiana:manifestation/m_text_istruzioni,lrmoo:F3_Manifestation,La vita istruzioni per l'uso,oplepiana:expression/e_text_istruzioni,,,,,,http://id.sbn.it/bid/CFI0009550,
oplepiana:manifestation/m_text_lovesong,lrmoo:F3_Manifestation,The Love Song of J. Alfred Prufrock,oplepiana:expression/e_text_lovesong,,,,,,,
oplepiana:manifestation/m_text_miti,lrmoo:F3_Manifestation,Enciclopedia dei miti,oplepiana:expression/e_text_miti,,,,,,http://id.sbn.it/bid/LO10042847,
oplepiana:manifestation/m_text_promessi_sposi,lrmoo:F3_Manifestation,I promessi sposi,oplepiana:expression/e_text_promessi_sposi,,,,,,http://id.sbn.it/bid/CFI0070115,