lrmoo:F2_Expression,rdf:type,dcterms:title,crm:P2_has_type,lrmoo:R4i_is_embodied_in,rdfs:seeAlso,lrmoo:R15_has_fragment,crm:P148_has_component,lrmoo:R76_is_derivative_of,crm:P130_shows_features_of
oplepiana:expression/e_plaquette_01,lrmoo:F2_Expression,Edulcoranti,desmos:poetry,oplepiana:manifestation/m_plaquette_01 | oplepiana:manifestation/m_oplepiana_1,https://www.oplepo.com/copia-di-n1,oplepiana:ling_obj/ling_obj_01,,,
oplepiana:expression/e_plaquette_02,lrmoo:F2_Expression,L'uso delle istruzioni,desmos:prose,oplepiana:manifestation/m_plaquette_02 | oplepiana:manifestation/m_oplepiana_1,https://www.oplepo.com/copia-di-p1,oplepiana:ling_obj/ling_obj_02,,oplepiana:expression/e_text_istruzioni,
oplepiana:expression/e_plaquette_03,lrmoo:F2_Expression,Canto tenero,desmos:poetry,oplepiana:manifestation/m_plaquette_03 | oplepiana:manifestation/m_oplepiana_1,https://www.oplepo.com/copia-di-p1-1,oplepiana:ling_obj/ling_obj_03,,,oplepiana:expression/e_text_miti
oplepiana:expression/e_plaquette_04,lrmoo:F2_Expression,Deliri edipici,desmos:poetry,oplepiana:manifestation/m_plaquette_04 | oplepiana:manifestation/m_oplepiana_1,https://www.oplepo.com/copia-di-p2,oplepiana:ling_obj/ling_obj_04,,,
oplepiana:expression/e_plaquette_05,lrmoo:F2_Expression,Frammenti in vita,desmos:poetry,oplepiana:manifestation/m_plaquette_05 | oplepiana:manifestation/m_oplepiana_1,https://www.oplepo.com/copia-di-p4,oplepiana:ling_obj/ling_obj_05,,oplepiana:expression/e_text_canzoniere | oplepiana:expression/e_text_commedia,
oplepiana:expression/e_plaquette_06,lrmoo:F2_Expression,Vocalizzi Zulu,desmos:poetry,oplepiana:manifestation/m_plaquette_06 | oplepiana:manifestation/m_oplepiana_1,https://www.oplepo.com/copia-di-p5,oplepiana:ling_obj/ling_obj_06,,,
oplepiana:expression/e_plaquette_07,lrmoo:F2_Expression,Forme For me,desmos:poetry,oplepiana:manifestation/m_plaquette_07 | oplepiana:manifestation/m_oplepiana_1,https://www.oplepo.com/copia-di-p1-2,oplepiana:ling_obj/ling_obj_07,,,
oplepiana:expression/e_plaquette_08,lrmoo:F2_Expression,La viola del bardo,desmos:prose,oplepiana:manifestation/m_plaquette_08 | oplepiana:manifestation/m_oplepiana_1,https://www.oplepo.com/copia-di-p6,oplepiana:ling_obj/ling_obj_08,,,
oplepiana:expression/e_plaquette_09,lrmoo:F2_Expression,Le ripartite,desmos:prose,oplepiana:manifestation/m_plaquette_09 | oplepiana:manifestation/m_oplepiana_1,https://www.oplepo.com/copia-di-p7,oplepiana:ling_obj/ling_obj_09,,,
oplepiana:expression/e_plaquette_10,lrmoo:F2_Expression,Sestine per modo di dire,desmos:poetry,oplepiana:manifestation/m_plaquette_10 | oplepiana:manifestation/m_oplepiana_1,https://www.oplepo.com/copia-di-p8,oplepiana:ling_obj/ling_obj_10,,,oplepiana:expression/e_text_diz_modi
oplepiana:expression/e_plaquette_11,lrmoo:F2_Expression,L'isola teletrasportata,desmos:prose,oplepiana:manifestation/m_plaquette_11 | oplepiana:manifestation/m_oplepiana_1,https://www.oplepo.com/copia-di-p10,oplepiana:ling_obj/ling_obj_11,,oplepiana:expression/e_text_isola,
oplepiana:expression/e_plaquette_12,lrmoo:F2_Expression,Geometriche visioni,desmos:visual_poetry,oplepiana:manifestation/m_plaquette_12 | oplepiana:manifestation/m_oplepiana_1,https://www.oplepo.com/copia-di-p11,oplepiana:ling_obj/ling_obj_12,,,
oplepiana:expression/e_plaquette_13,lrmoo:F2_Expression,Rose osé,desmos:poetry,oplepiana:manifestation/m_plaquette_13 | oplepiana:manifestation/m_oplepiana_1,https://www.oplepo.com/copia-di-p12,oplepiana:ling_obj/ling_obj_13,,,
oplepiana:expression/e_plaquette_14,lrmoo:F2_Expression,Turandot espuri,desmos:prose,oplepiana:manifestation/m_plaquette_14 | oplepiana:manifestation/m_oplepiana_1,https://www.oplepo.com/copia-di-p7-1,oplepiana:ling_obj/ling_obj_14,,,
oplepiana:expression/e_plaquette_15,lrmoo:F2_Expression,L'infinito futuro,desmos:poetry,oplepiana:manifestation/m_plaquette_15 | oplepiana:manifestation/m_oplepiana_1,https://www.oplepo.com/copia-di-p21,oplepiana:ling_obj/ling_obj_15,,oplepiana:expression/e_text_infinito,
oplepiana:expression/e_plaquette_16,lrmoo:F2_Expression,Giallo di Anghiari,desmos:prose,oplepiana:manifestation/m_plaquette_16 | oplepiana:manifestation/m_oplepiana_1,https://www.oplepo.com/copia-di-p22,oplepiana:ling_obj/ling_obj_16,oplepiana:expression/e_plaquette_16_text_eruli | oplepiana:expression/e_plaquette_16_text_addomine,,
oplepiana:expression/e_plaquette_16_text_addomine,lrmoo:F2_Expression,Analisi finale,desmos:prose,oplepiana:manifestation/m_plaquette_16 | oplepiana:manifestation/m_oplepiana_1,,,,,
oplepiana:expression/e_plaquette_16_text_eruli,lrmoo:F2_Expression,Alloro per loro,desmos:prose,oplepiana:manifestation/m_plaquette_16 | oplepiana:manifestation/m_oplepiana_1,,,,,
oplepiana:expression/e_plaquette_17,lrmoo:F2_Expression,Esercizi di stime,desmos:visual_poetry | desmos:poetry | desmos:prose,oplepiana:manifestation/m_plaquette_17 | oplepiana:manifestation/m_oplepiana_1,https://www.oplepo.com/copia-di-p23-1,oplepiana:ling_obj/ling_obj_17_addomine | oplepiana:ling_obj/ling_obj_17_sebregondi | oplepiana:ling_obj/ling_obj_17_aragona | oplepiana:ling_obj/ling_obj_17_chiti | oplepiana:ling_obj/ling_obj_17,oplepiana:expression/e_plaquette_17_text_sebregondi | oplepiana:expression/e_plaquette_17_text_chiti | oplepiana:expression/e_plaquette_17_text_aragona | oplepiana:expression/e_plaquette_17_text_addomine,,
oplepiana:expression/e_plaquette_17_text_addomine,lrmoo:F2_Expression,Elogio dell'Opera poetica limitante entropiche profondità ombelicali,desmos:prose,oplepiana:manifestation/m_plaquette_17 | oplepiana:manifestation/m_oplepiana_1,,,,,
oplepiana:expression/e_plaquette_17_text_aragona,lrmoo:F2_Expression,Elogio di Ogni poema lipogrammatico esprimente potenzialità oscurate,desmos:prose,oplepiana:manifestation/m_plaquette_17 | oplepiana:manifestation/m_oplepiana_1,,,,,
oplepiana:expression/e_plaquette_17_text_chiti,lrmoo:F2_Expression,"Elogio dell'Operosa pastorelleria legata, elegantemente poco ortodossa",desmos:poetry,oplepiana:manifestation/m_plaquette_17 | oplepiana:manifestation/m_oplepiana_1,,,,,
oplepiana:expression/e_plaquette_17_text_sebregondi,lrmoo:F2_Expression,"Elogio dell'Osar poetare liberamente, evitando penalizzanti ortodossie",desmos:poetry,oplepiana:manifestation/m_plaquette_17 | oplepiana:manifestation/m_oplepiana_1,,,,,
oplepiana:expression/e_plaquette_18,lrmoo:F2_Expression,Il centunesimo canto,desmos:poetry,oplepiana:manifestation/m_plaquette_18 | oplepiana:manifestation/m_oplepiana_1,https://www.oplepo.com/copia-di-p23,oplepiana:ling_obj/ling_obj_18,,oplepiana:expression/e_text_commedia,
oplepiana:expression/e_plaquette_19,lrmoo:F2_Expression,Fantasmagorie,desmos:prose,oplepiana:manifestation/m_plaquette_19 | oplepiana:manifestation/m_oplepiana_1,https://www.oplepo.com/copia-di-p24,,,,
oplepiana:expression/e_plaquette_20,lrmoo:F2_Expression,Art caveau,desmos:prose | desmos:visual_art,oplepiana:manifestation/m_plaquette_20 | oplepiana:manifestation/m_oplepiana_1,https://www.oplepo.com/copia-di-p25,,,,
oplepiana:expression/e_plaquette_21,lrmoo:F2_Expression,Morti fortunati,desmos:prose,oplepiana:manifestation/m_plaquette_21 | oplepiana:manifestation/m_oplepiana_1,https://www.oplepo.com/copia-di-p25-1,oplepiana:ling_obj/ling_obj_21,,oplepiana:expression/e_text_promessi_sposi,
oplepiana:expression/e_plaquette_22,lrmoo:F2_Expression,Il doppio,desmos:poetry | desmos:visual_poetry,oplepiana:manifestation/m_plaquette_22 | oplepiana:manifestation/m_oplepiana_1,https://www.oplepo.com/copia-di-p27,oplepiana:ling_obj/ling_obj_22,oplepiana:expression/e_plaquette_22_text_bizzarri | oplepiana:expression/e_plaquette_22_text_addomine | oplepiana:expression/e_plaquette_22_text_sanguineti,,
oplepiana:expression/e_plaquette_22_text_addomine,lrmoo:F2_Expression,Doppia lingua,desmos:poetry,oplepiana:manifestation/m_plaquette_22 | oplepiana:manifestation/m_oplepiana_1,,,,,
oplepiana:expression/e_plaquette_22_text_bizzarri,lrmoo:F2_Expression,Specchio,desmos:visual_poetry,oplepiana:manifestation/m_plaquette_22 | oplepiana:manifestation/m_oplepiana_1,,,,,
oplepiana:expression/e_plaquette_22_text_sanguineti,lrmoo:F2_Expression,Duplex,desmos:visual_poetry,oplepiana:manifestation/m_plaquette_22 | oplepiana:manifestation/m_oplepiana_1,,,,,
oplepiana:expression/e_plaquette_23,lrmoo:F2_Expression,Riflessi in uno zaffiro orientale,desmos:prose,oplepiana:manifestation/m_plaquette_23 | oplepiana:manifestation/m_oplepiana_1,https://www.oplepo.com/copia-di-p28,oplepiana:ling_obj/ling_obj_23,,,
oplepiana:expression/e_plaquette_24,lrmoo:F2_Expression,Preludi,desmos:poetry,oplepiana:manifestation/m_plaquette_24 | oplepiana:manifestation/m_oplepiana_1,https://www.oplepo.com/copia-di-p29,oplepiana:ling_obj/ling_obj_24,,,oplepiana:expression/e_text_preludi
oplepiana:expression/e_plaquette_25,lrmoo:F2_Expression,A Italo Calvino,desmos:prose | desmos:poetry,oplepiana:manifestation/m_plaquette_25 | oplepiana:manifestation/m_oplepiana_2,https://www.oplepo.com/copia-di-p7-2,oplepiana:ling_obj/ling_obj_25_chierchia | oplepiana:ling_obj/ling_obj_25 | oplepiana:ling_obj/ling_obj_25_varaldo,oplepiana:expression/e_plaquette_25_text_doria | oplepiana:expression/e_plaquette_25_text_chierchia | oplepiana:expression/e_plaquette_25_text_varaldo,,
oplepiana:expression/e_plaquette_25_text_chierchia,lrmoo:F2_Expression,Alluvione d'aiuole,desmos:poetry,oplepiana:manifestation/m_plaquette_25 | oplepiana:manifestation/m_oplepiana_2,,,,,
oplepiana:expression/e_plaquette_25_text_doria,lrmoo:F2_Expression,Permutazioni bibliografiche,desmos:prose,oplepiana:manifestation/m_plaquette_25 | oplepiana:manifestation/m_oplepiana_2,,,,,
oplepiana:expression/e_plaquette_25_text_varaldo,lrmoo:F2_Expression,Italo Calvino in ottava,desmos:poetry,oplepiana:manifestation/m_plaquette_25 | oplepiana:manifestation/m_oplepiana_2,,,,,
oplepiana:expression/e_plaquette_26,lrmoo:F2_Expression,Chimere,desmos:prose | desmos:poetry,oplepiana:manifestation/m_plaquette_26 | oplepiana:manifestation/m_oplepiana_2,https://www.oplepo.com/copia-di-p31,oplepiana:ling_obj/ling_obj_26_anna-vicari | oplepiana:ling_obj/ling_obj_26_doria | oplepiana:ling_obj/ling_obj_26 | oplepiana:ling_obj/ling_obj_26_sanguineti,oplepiana:expression/e_plaquette_26_text_sanguineti | oplepiana:expression/e_plaquette_26_text_anna-vicari | oplepiana:expression/e_plaquette_26_text_doria,,
oplepiana:expression/e_plaquette_26_text_anna-vicari,lrmoo:F2_Expression,La Chimera Incapricciata,desmos:prose | desmos:poetry,oplepiana:manifestation/m_plaquette_26 | oplepiana:manifestation/m_oplepiana_2,,,,,
oplepiana:expression/e_plaquette_26_text_doria,lrmoo:F2_Expression,Kimerik polito-logico,desmos:prose,oplepiana:manifestation/m_plaquette_26 | oplepiana:manifestation/m_oplepiana_2,,,,,
oplepiana:expression/e_plaquette_26_text_sanguineti,lrmoo:F2_Expression,Sonetto della Chimera,desmos:poetry,oplepiana:manifestation/m_plaquette_26 | oplepiana:manifestation/m_oplepiana_2,,,,,
oplepiana:expression/e_plaquette_27,lrmoo:F2_Expression,Centomila miliardi di chimere,desmos:poetry,oplepiana:manifestation/m_plaquette_27 | oplepiana:manifestation/m_oplepiana_2,https://www.oplepo.com/copia-di-p32,oplepiana:ling_obj/ling_obj_27,,,oplepiana:expression/e_text_cent_mille
oplepiana:expression/e_plaquette_28,lrmoo:F2_Expression,Sirene. Fascinazioni,desmos:prose | desmos:poetry,oplepiana:manifestation/m_plaquette_28 | oplepiana:manifestation/m_oplepiana_2,https://www.oplepo.com/copia-di-p7-3,oplepiana:ling_obj/ling_obj_28_aragona | oplepiana:ling_obj/ling_obj_28_weiss | oplepiana:ling_obj/ling_obj_28_fabrizi | oplepiana:ling_obj/ling_obj_28,oplepiana:expression/e_plaquette_28_text_weiss | oplepiana:expression/e_plaquette_28_text_aragona | oplepiana:expression/e_plaquette_28_text_fabrizi,,
oplepiana:expression/e_plaquette_28_text_aragona,lrmoo:F2_Expression,canzone ansiosa: scorcio amoroso con sirene,desmos:poetry,oplepiana:manifestation/m_plaquette_28 | oplepiana:manifestation/m_oplepiana_2,,,,oplepiana:expression/e_text_lovesong,
oplepiana:expression/e_plaquette_28_text_fabrizi,lrmoo:F2_Expression,Io sono,desmos:prose,oplepiana:manifestation/m_plaquette_28 | oplepiana:manifestation/m_oplepiana_2,,,,,
oplepiana:expression/e_plaquette_28_text_weiss,lrmoo:F2_Expression,La sirena Partenope,desmos:poetry,oplepiana:manifestation/m_plaquette_28 | oplepiana:manifestation/m_oplepiana_2,,,,,
oplepiana:expression/e_plaquette_29,lrmoo:F2_Expression,Le leggi della tavola. Regole per tutti i gusti,desmos:prose | desmos:poetry,oplepiana:manifestation/m_plaquette_29 | oplepiana:manifestation/m_oplepiana_2,https://www.oplepo.com/copia-di-p31-1,oplepiana:ling_obj/ling_obj_29_sanguineti | oplepiana:ling_obj/ling_obj_29_addomine_a | oplepiana:ling_obj/ling_obj_29_enriques | oplepiana:ling_obj/ling_obj_29_addomine_b | oplepiana:ling_obj/ling_obj_29_addomine_c | oplepiana:ling_obj/ling_obj_29,oplepiana:expression/e_plaquette_29_text_sanguineti | oplepiana:expression/e_plaquette_29_text_addomine | oplepiana:expression/e_plaquette_29_text_enriques,,
oplepiana:expression/e_plaquette_29_text_addomine,lrmoo:F2_Expression,Corona di sonetti gastronomici,desmos:poetry,oplepiana:manifestation/m_plaquette_29 | oplepiana:manifestation/m_oplepiana_2,,,,,
oplepiana:expression/e_plaquette_29_text_enriques,lrmoo:F2_Expression,Il 'chilometro libero',desmos:prose,oplepiana:manifestation/m_plaquette_29 | oplepiana:manifestation/m_oplepiana_2,,,,,
oplepiana:expression/e_plaquette_29_text_sanguineti,lrmoo:F2_Expression,Distichetti alfabetici artusiani,desmos:poetry,oplepiana:manifestation/m_plaquette_29 | oplepiana:manifestation/m_oplepiana_2,,,,oplepiana:expression/e_text_artusi,
oplepiana:expression/e_plaquette_30,lrmoo:F2_Expression,Capriccio oplepiano,desmos:prose | desmos:poetry,oplepiana:manifestation/m_plaquette_30 | oplepiana:manifestation/m_oplepiana_2,https://www.oplepo.com/copia-di-p34-1,oplepiana:ling_obj/ling_obj_30_sanguineti_b | oplepiana:ling_obj/ling_obj_30_sanguineti_a,oplepiana:expression/e_plaquette_30_text_sanguineti,,
oplepiana:expression/e_plaquette_30_text_sanguineti,lrmoo:F2_Expression,a Jacques Roubaud,desmos:poetry,oplepiana:manifestation/m_plaquette_30 | oplepiana:manifestation/m_oplepiana_2,,,,,
oplepiana:expression/e_plaquette_31,lrmoo:F2_Expression,A Edoardo Sanguineti,desmos:poetry | desmos:prose,oplepiana:manifestation/m_plaquette_31 | oplepiana:manifestation/m_oplepiana_2,https://www.oplepo.com/copia-di-p34-1,oplepiana:ling_obj/ling_obj_31_chierchia | oplepiana:ling_obj/ling_obj_31_eruli | oplepiana:ling_obj/ling_obj_31 | oplepiana:ling_obj/ling_obj_31_benabou | oplepiana:ling_obj/ling_obj_31_varaldo | oplepiana:ling_obj/ling_obj_31_aragona,oplepiana:expression/e_plaquette_31_text_eruli | oplepiana:expression/e_plaquette_31_text_varaldo | oplepiana:expression/e_plaquette_31_text_aragona | oplepiana:expression/e_plaquette_31_text_chierchia | oplepiana:expression/e_plaquette_31_text_benabou,,
oplepiana:expression/e_plaquette_31_text_aragona,lrmoo:F2_Expression,Beau présent per E.S.,desmos:poetry,oplepiana:manifestation/m_plaquette_31 | oplepiana:manifestation/m_oplepiana_2,,,,,
oplepiana:expression/e_plaquette_31_text_benabou,lrmoo:F2_Expression,Tombeau présent,desmos:poetry,oplepiana:manifestation/m_plaquette_31 | oplepiana:manifestation/m_oplepiana_2,,,,,
oplepiana:expression/e_plaquette_31_text_chierchia,lrmoo:F2_Expression,Epistolina per E.S.,desmos:poetry,oplepiana:manifestation/m_plaquette_31 | oplepiana:manifestation/m_oplepiana_2,,,,,
oplepiana:expression/e_plaquette_31_text_eruli,lrmoo:F2_Expression,Mancanza,desmos:prose,oplepiana:manifestation/m_plaquette_31 | oplepiana:manifestation/m_oplepiana_2,,,,,
oplepiana:expression/e_plaquette_31_text_varaldo,lrmoo:F2_Expression,Frenosonetto,desmos:poetry,oplepiana:manifestation/m_plaquette_31 | oplepiana:manifestation/m_oplepiana_2,,,,,
oplepiana:expression/e_plaquette_32,lrmoo:F2_Expression,Le confessioni di italiano. Peccati di lingua,desmos:prose | desmos:poetry,oplepiana:manifestation/m_plaquette_32 | oplepiana:manifestation/m_oplepiana_2,https://www.oplepo.com/copia-di-p36,oplepiana:ling_obj/ling_obj_32_addomine | oplepiana:ling_obj/ling_obj_32_spinelli_a | oplepiana:ling_obj/ling_obj_32_spinelli_b,oplepiana:expression/e_plaquette_32_text_addomine | oplepiana:expression/e_plaquette_32_text_spinelli,,
oplepiana:expression/e_plaquette_32_text_addomine,lrmoo:F2_Expression,Imperdonabile,desmos:prose,oplepiana:manifestation/m_plaquette_32 | oplepiana:manifestation/m_oplepiana_2,,,,,
oplepiana:expression/e_plaquette_32_text_spinelli,lrmoo:F2_Expression,Di lemmi numerici,desmos:prose,oplepiana:manifestation/m_plaquette_32 | oplepiana:manifestation/m_oplepiana_2,,,,,
oplepiana:expression/e_plaquette_33,lrmoo:F2_Expression,Lessico famigliare,desmos:prose,oplepiana:manifestation/m_plaquette_33 | oplepiana:manifestation/m_oplepiana_2,https://www.oplepo.com/copia-di-p37,oplepiana:ling_obj/ling_obj_33,,,
oplepiana:expression/e_plaquette_34,lrmoo:F2_Expression,A Georges Perec,desmos:prose | desmos:poetry | desmos:visual_art,oplepiana:manifestation/m_plaquette_34 | oplepiana:manifestation/m_oplepiana_2,https://www.oplepo.com/copia-di-p38,oplepiana:ling_obj/ling_obj_34_albani_a | oplepiana:ling_obj/ling_obj_34_poier-bernhard | oplepiana:ling_obj/ling_obj_34_carrese | oplepiana:ling_obj/ling_obj_34_aragona | oplepiana:ling_obj/ling_obj_34_varaldo | oplepiana:ling_obj/ling_obj_34_albani_b,oplepiana:expression/e_plaquette_34_text_poier-bernhard | oplepiana:expression/e_plaquette_34_text_albani | oplepiana:expression/e_plaquette_34_text_carrese | oplepiana:expression/e_plaquette_34_text_aragona | oplepiana:expression/e_plaquette_34_text_varaldo,,
oplepiana:expression/e_plaquette_34_text_albani,lrmoo:F2_Expression,Je me souviens visuellement de Georges Perec,desmos:visual_art,oplepiana:manifestation/m_plaquette_34 | oplepiana:manifestation/m_oplepiana_2,,,,,
oplepiana:expression/e_plaquette_34_text_aragona,lrmoo:F2_Expression,Epitalamio,desmos:poetry,oplepiana:manifestation/m_plaquette_34 | oplepiana:manifestation/m_oplepiana_2,,,,,
oplepiana:expression/e_plaquette_34_text_carrese,lrmoo:F2_Expression,Profilo,desmos:poetry,oplepiana:manifestation/m_plaquette_34 | oplepiana:manifestation/m_oplepiana_2,,,,,
oplepiana:expression/e_plaquette_34_text_poier-bernhard,lrmoo:F2_Expression,leben eben. perecs leben. es lebe perec,desmos:poetry,oplepiana:manifestation/m_plaquette_34 | oplepiana:manifestation/m_oplepiana_2,,,,,
oplepiana:expression/e_plaquette_34_text_varaldo,lrmoo:F2_Expression,Identikit lessicali,desmos:poetry,oplepiana:manifestation/m_plaquette_34 | oplepiana:manifestation/m_oplepiana_2,,,,,
oplepiana:expression/e_plaquette_35,lrmoo:F2_Expression,Je me souviens,desmos:prose,oplepiana:manifestation/m_plaquette_35 | oplepiana:manifestation/m_oplepiana_2,https://www.oplepo.com/copia-di-p39-1,oplepiana:ling_obj/ling_obj_35,oplepiana:expression/e_plaquette_35_text_brignoli | oplepiana:expression/e_plaquette_35_text_eliana-vicari,,
oplepiana:expression/e_plaquette_35_text_brignoli,lrmoo:F2_Expression,Je me souviens,desmos:prose,oplepiana:manifestation/m_plaquette_35 | oplepiana:manifestation/m_oplepiana_2,,,,,
oplepiana:expression/e_plaquette_35_text_eliana-vicari,lrmoo:F2_Expression,Je me souviens,desmos:prose,oplepiana:manifestation/m_plaquette_35 | oplepiana:manifestation/m_oplepiana_2,,,,,
oplepiana:expression/e_plaquette_36,lrmoo:F2_Expression,I costretti sposi,desmos:poetry,oplepiana:manifestation/m_plaquette_36 | oplepiana:manifestation/m_oplepiana_2,https://www.oplepo.com/copia-di-p40,oplepiana:ling_obj/ling_obj_36,,,oplepiana:expression/e_text_promessi_sposi
oplepiana:expression/e_plaquette_37,lrmoo:F2_Expression,Eclisse,desmos:prose | desmos:poetry,oplepiana:manifestation/m_plaquette_37 | oplepiana:manifestation/m_oplepiana_3,https://www.oplepo.com/copia-di-p41,oplepiana:ling_obj/ling_obj_37,,,
oplepiana:expression/e_plaquette_38,lrmoo:F2_Expression,Aurelio e lo scrivano,desmos:prose,oplepiana:manifestation/m_plaquette_38 | oplepiana:manifestation/m_oplepiana_3,https://www.oplepo.com/copia-di-p42,oplepiana:ling_obj/ling_obj_38,,,
oplepiana:expression/e_plaquette_39,lrmoo:F2_Expression,Doppio epilogo per Andrea,desmos:prose,oplepiana:manifestation/m_plaquette_39 | oplepiana:manifestation/m_oplepiana_3,https://www.oplepo.com/copia-di-p43,oplepiana:ling_obj/ling_obj_39,,,
oplepiana:expression/e_plaquette_40,lrmoo:F2_Expression,Venticinque anni d’Oplepo,desmos:poetry | desmos:prose,oplepiana:manifestation/m_plaquette_40 | oplepiana:manifestation/m_oplepiana_3,https://www.oplepo.com/copia-di-p44,oplepiana:ling_obj/ling_obj_40_brignoli_a | oplepiana:ling_obj/ling_obj_40_brignoli_b | oplepiana:ling_obj/ling_obj_40 | oplepiana:ling_obj/ling_obj_40_berti | oplepiana:ling_obj/ling_obj_40_sebregondi,oplepiana:expression/e_plaquette_40_text_berti | oplepiana:expression/e_plaquette_40_text_brignoli | oplepiana:expression/e_plaquette_40_text_sebregondi,,
oplepiana:expression/e_plaquette_40_text_berti,lrmoo:F2_Expression,"Lucy, Oplepo and Diamonds",desmos:prose,oplepiana:manifestation/m_plaquette_40 | oplepiana:manifestation/m_oplepiana_3,,,,,
oplepiana:expression/e_plaquette_40_text_brignoli,lrmoo:F2_Expression,Che magia l'anniversario!,desmos:prose,oplepiana:manifestation/m_plaquette_40 | oplepiana:manifestation/m_oplepiana_3,,,,,
oplepiana:expression/e_plaquette_40_text_sebregondi,lrmoo:F2_Expression,5x5: 5 Tanka+1 di Epilogo,desmos:poetry,oplepiana:manifestation/m_plaquette_40 | oplepiana:manifestation/m_oplepiana_3,https://www.oplepo.com/copia-di-p44,,,,
oplepiana:expression/e_plaquette_41,lrmoo:F2_Expression,Passar la lunga sera sulla terra,desmos:poetry | desmos:prose,oplepiana:manifestation/m_plaquette_41 | oplepiana:manifestation/m_oplepiana_3,https://www.oplepo.com/copia-di-p45,oplepiana:ling_obj/ling_obj_41_jouet | oplepiana:ling_obj/ling_obj_41_varaldo_b | oplepiana:ling_obj/ling_obj_41_varaldo_a | oplepiana:ling_obj/ling_obj_41_narros | oplepiana:ling_obj/ling_obj_41,oplepiana:expression/e_plaquette_41_text_varaldo | oplepiana:expression/e_plaquette_41_text_narros | oplepiana:expression/e_plaquette_41_text_jouet,,
oplepiana:expression/e_plaquette_41_text_jouet,lrmoo:F2_Expression,E C O (titre vertical...),desmos:poetry,oplepiana:manifestation/m_plaquette_41 | oplepiana:manifestation/m_oplepiana_3,,,,,
oplepiana:expression/e_plaquette_41_text_narros,lrmoo:F2_Expression,Lettori,desmos:prose,oplepiana:manifestation/m_plaquette_41 | oplepiana:manifestation/m_oplepiana_3,,,,,
oplepiana:expression/e_plaquette_41_text_varaldo,lrmoo:F2_Expression,Vocali,desmos:poetry,oplepiana:manifestation/m_plaquette_41 | oplepiana:manifestation/m_oplepiana_3,,,,,
oplepiana:expression/e_plaquette_42,lrmoo:F2_Expression,Il barbiere notturno,desmos:prose,oplepiana:manifestation/m_plaquette_42 | oplepiana:manifestation/m_oplepiana_3,https://www.oplepo.com/copia-di-p46,oplepiana:ling_obj/ling_obj_42,,,
oplepiana:expression/e_plaquette_43,lrmoo:F2_Expression,Poeti scomparsi,desmos:poetry,oplepiana:manifestation/m_plaquette_43 | oplepiana:manifestation/m_oplepiana_3,https://www.oplepo.com/copia-di-p47,oplepiana:ling_obj/ling_obj_43,,,
oplepiana:expression/e_plaquette_44,lrmoo:F2_Expression,Domenico D'Oria. On se souvient de toi,desmos:prose | desmos:visual_poetry | desmos:visual_art | desmos:poetry,oplepiana:manifestation/m_plaquette_44 | oplepiana:manifestation/m_oplepiana_3,https://www.oplepo.com/copia-di-p48,oplepiana:ling_obj/ling_obj_44_aragona | oplepiana:ling_obj/ling_obj_44_fabrizi,oplepiana:expression/e_plaquette_44_text_aragona | oplepiana:expression/e_plaquette_44_text_fabrizi,,
oplepiana:expression/e_plaquette_44_text_aragona,lrmoo:F2_Expression,a Domenico D'Oria,desmos:poetry,oplepiana:manifestation/m_plaquette_44 | oplepiana:manifestation/m_oplepiana_3,,,,,
oplepiana:expression/e_plaquette_44_text_fabrizi,lrmoo:F2_Expression,"In nomine, amen",desmos:poetry,oplepiana:manifestation/m_plaquette_44 | oplepiana:manifestation/m_oplepiana_3,,,,,
oplepiana:expression/e_plaquette_45,lrmoo:F2_Expression,perdurante,desmos:prose | desmos:visual_poetry | desmos:poetry | desmos:visual_art,oplepiana:manifestation/m_plaquette_45 | oplepiana:manifestation/m_oplepiana_3,https://www.oplepo.com/copia-di-p49,oplepiana:ling_obj/ling_obj_45 | oplepiana:ling_obj/ling_obj_45_addomine,oplepiana:expression/e_plaquette_45_text_addomine,,
oplepiana:expression/e_plaquette_45_text_addomine,lrmoo:F2_Expression,"Ecco, Francesco c'è!",desmos:poetry,oplepiana:manifestation/m_plaquette_45 | oplepiana:manifestation/m_oplepiana_3,,,,,
oplepiana:expression/e_plaquette_46,lrmoo:F2_Expression,Est modus in rebus,desmos:visual_poetry | desmos:prose,oplepiana:manifestation/m_plaquette_46,https://www.oplepo.com/copia-di-p50,oplepiana:ling_obj/ling_obj_46,oplepiana:expression/e_plaquette_46_text_giuliani,,
oplepiana:expression/e_plaquette_46_text_giuliani,lrmoo:F2_Expression,Rebus di Triton,desmos:prose | desmos:visual_poetry,oplepiana:manifestation/m_plaquette_46,,,,,
oplepiana:expression/e_plaquette_47,lrmoo:F2_Expression,Cartoline di città,desmos:poetry,oplepiana:manifestation/m_plaquette_47,https://www.oplepo.com/copia-di-p51,oplepiana:ling_obj/ling_obj_47,,,
oplepiana:expression/e_plaquette_48,lrmoo:F2_Expression,Il Divino Intreccio,desmos:poetry,oplepiana:manifestation/m_plaquette_48,https://www.oplepo.com/copia-di-p50-1,oplepiana:ling_obj/ling_obj_48,,oplepiana:expression/e_text_inferno,
oplepiana:expression/e_plaquette_49,lrmoo:F2_Expression,Ridondante,desmos:prose | desmos:visual_poetry | desmos:poetry,oplepiana:manifestation/m_plaquette_49,https://www.oplepo.com/copia-di-p53,oplepiana:ling_obj/ling_obj_49_spinelli | oplepiana:ling_obj/ling_obj_49_brignoli | oplepiana:ling_obj/ling_obj_49_addomine,oplepiana:expression/e_plaquette_49_text_spinelli | oplepiana:expression/e_plaquette_49_text_brignoli | oplepiana:expression/e_plaquette_49_text_addomine,,
oplepiana:expression/e_plaquette_49_text_addomine,lrmoo:F2_Expression,De Dantis eloquentiae,desmos:visual_poetry,oplepiana:manifestation/m_plaquette_49,,,,,
oplepiana:expression/e_plaquette_49_text_brignoli,lrmoo:F2_Expression,Profanazioni,desmos:visual_poetry,oplepiana:manifestation/m_plaquette_49,,,,,
oplepiana:expression/e_plaquette_49_text_spinelli,lrmoo:F2_Expression,permutazion,desmos:poetry,oplepiana:manifestation/m_plaquette_49,,,,,
oplepiana:expression/e_plaquette_50,lrmoo:F2_Expression,Ciarle per Charles,desmos:poetry | desmos:prose | desmos:visual_poetry,oplepiana:manifestation/m_plaquette_50,https://www.oplepo.com/copia-di-p54,oplepiana:ling_obj/ling_obj_50_sebregondi | oplepiana:ling_obj/ling_obj_50_pelliti,oplepiana:expression/e_plaquette_50_text_sebregondi | oplepiana:expression/e_plaquette_50_text_pelliti,,
oplepiana:expression/e_plaquette_50_text_pelliti,lrmoo:F2_Expression,Ad aerei blu,desmos:poetry,oplepiana:manifestation/m_plaquette_50,,,,,
oplepiana:expression/e_plaquette_50_text_sebregondi,lrmoo:F2_Expression,Dissonanze,desmos:poetry,oplepiana:manifestation/m_plaquette_50,,,,oplepiana:expression/e_text_correspondances,
oplepiana:expression/e_plaquette_51,lrmoo:F2_Expression,Gustave Alexandre Eiffel. L'homme de fer,desmos:visual_art | desmos:prose | desmos:visual_poetry | desmos:poetry,oplepiana:manifestation/m_plaquette_51,https://www.oplepo.com/p56,oplepiana:ling_obj/ling_obj_51 | oplepiana:ling_obj/ling_obj_51_bloomfield,oplepiana:expression/e_plaquette_51_text_bloomfield | oplepiana:expression/e_plaquette_51_text_aragona,,
oplepiana:expression/e_plaquette_51_text_aragona,lrmoo:F2_Expression,Une boule de neige pour Eiffel,desmos:visual_poetry,oplepiana:manifestation/m_plaquette_51,,,,,
oplepiana:expression/e_plaquette_51_text_bloomfield,lrmoo:F2_Expression,«Elle : F»: Eiffel retourné par les femmes,desmos:visual_poetry,oplepiana:manifestation/m_plaquette_51,,,,,
oplepiana:expression/e_plaquette_52,lrmoo:F2_Expression,Il cuboide,desmos:prose,oplepiana:manifestation/m_plaquette_52,https://www.oplepo.com/copia-di-p56,oplepiana:ling_obj/ling_obj_52,,,
oplepiana:expression/e_plaquette_53,lrmoo:F2_Expression,In diebus illis,desmos:poetry,oplepiana:manifestation/m_plaquette_53,https://www.oplepo.com/copia-di-p57,oplepiana:ling_obj/ling_obj_53,,,
oplepiana:expression/e_plaquette_54,lrmoo:F2_Expression,La scomparsa di sé. Coccodrillo nel coccodrillo,desmos:prose | desmos:visual_art,oplepiana:manifestation/m_plaquette_54,https://www.oplepo.com/copia-di-p58,oplepiana:ling_obj/ling_obj_54,oplepiana:expression/e_plaquette_54_text_babic | oplepiana:expression/e_plaquette_54_text_sampieri,,
oplepiana:expression/e_plaquette_54_text_babic,lrmoo:F2_Expression,Joshua Babic,desmos:prose,oplepiana:manifestation/m_plaquette_54,,,,,
oplepiana:expression/e_plaquette_54_text_sampieri,lrmoo:F2_Expression,Jean Talon Sampieri,desmos:prose,oplepiana:manifestation/m_plaquette_54,,,,,
oplepiana:expression/e_plaquette_55,lrmoo:F2_Expression,Kafkiana,desmos:prose | desmos:visual_poetry | desmos:poetry,oplepiana:manifestation/m_plaquette_55,https://www.oplepo.com/copia-di-p59,oplepiana:ling_obj/ling_obj_55_pergola | oplepiana:ling_obj/ling_obj_55_varaldo | oplepiana:ling_obj/ling_obj_55 | oplepiana:ling_obj/ling_obj_55_albani,oplepiana:expression/e_plaquette_55_text_varaldo | oplepiana:expression/e_plaquette_55_text_albani | oplepiana:expression/e_plaquette_55_text_pergola,,
oplepiana:expression/e_plaquette_55_text_albani,lrmoo:F2_Expression,DA KAFKA A MOSKA,desmos:visual_poetry,oplepiana:manifestation/m_plaquette_55,,,,,
oplepiana:expression/e_plaquette_55_text_pergola,lrmoo:F2_Expression,"Cómpito in classe. 'Il processo', di Frank Kafka",desmos:prose,oplepiana:manifestation/m_plaquette_55,,,,,
oplepiana:expression/e_plaquette_55_text_varaldo,lrmoo:F2_Expression,Le metamorfosi della Metamorfosi,desmos:poetry,oplepiana:manifestation/m_plaquette_55,,,,,
oplepiana:expression/e_plaquette_56,lrmoo:F2_Expression,Les jeux sont faits,desmos:visual_art | desmos:prose | desmos:visual_poetry,oplepiana:manifestation/m_plaquette_56,https://www.oplepo.com/copia-di-p60,oplepiana:ling_obj/ling_obj_56_aragona | oplepiana:ling_obj/ling_obj_56,oplepiana:expression/e_plaquette_56_text_aragona,,
oplepiana:expression/e_plaquette_56_text_aragona,lrmoo:F2_Expression,Una sporta di sport,desmos:visual_art | desmos:prose,oplepiana:manifestation/m_plaquette_56,,,,,
oplepiana:expression/e_plaquette_57,lrmoo:F2_Expression,Binari,desmos:poetry,oplepiana:manifestation/m_plaquette_57,https://www.oplepo.com/copia-di-p61,oplepiana:ling_obj/ling_obj_57,,,
oplepiana:expression/e_text_artusi,lrmoo:F2_Expression,La scienza in cucina,desmos:prose,oplepiana:manifestation/m_text_artusi,,,,,
oplepiana:expression/e_text_canzoniere,lrmoo:F2_Expression,Canzoniere,desmos:poetry,oplepiana:manifestation/m_text_canzoniere,,,,,
oplepiana:expression/e_text_cent_mille,lrmoo:F2_Expression,Cent mille milliards de poèmes,desmos:poetry,oplepiana:manifestation/m_text_cent_mille,,,,,
oplepiana:expression/e_text_commedia,lrmoo:F2_Expression,Commedia,desmos:poetry,oplepiana:manifestation/m_text_commedia,,,oplepiana:expression/e_text_inferno,,
oplepiana:expression/e_text_correspondances,lrmoo:F2_Expression,Correspondances,desmos:poetry,oplepiana:manifestation/m_text_correspondances,,,,,
oplepiana:expression/e_text_diz_modi,lrmoo:F2_Expression,Dizionario dei modi di dire,desmos:prose,oplepiana:manifestation/m_text_diz_modi,,,,,
oplepiana:expression/e_text_inferno,lrmoo:F2_Expression,Inferno,desmos:poetry,oplepiana:manifestation/m_text_inferno,,,,,
oplepiana:expression/e_text_infinito,lrmoo:F2_Expression,Infinito,desmos:poetry,oplepiana:manifestation/m_text_infinito,,,,,
oplepiana:expression/e_text_isola,lrmoo:F2_Expression,L'isola del giorno prima,desmos:prose,oplepiana:manifestation/m_text_isola,,,,,
oplepiana:expression/e_text_istruzioni,lrmoo:F2_Expression,La vita istruzioni per l'uso,desmos:prose,oplepiana:manifestation/m_text_istruzioni,,,,,
oplepiana:expression/e_text_lovesong,lrmoo:F2_Expression,The Love Song of J. Alfred Prufrock,desmos:poetry,oplepiana:manifestation/m_text_lovesong,,,,,
oplepiana:expression/e_text_miti,lrmoo:F2_Expression,Enciclopedia dei miti,desmos:prose,oplepiana:manifestation/m_text_miti,,,,,
oplepiana:expression/e_text_preludi,lrmoo:F2_Expression,Preludi op. 28,desmos:music,oplepiana:manifestation/m_text_preludi,,,,,
oplepiana:expression/e_text_promessi_sposi,lrmoo:F2_Expression,I promessi sposi,desmos:prose,oplepiana:manifestation/m_text_promessi_sposi,,,,,