lrmoo:F28_Expression_Creation,rdf:type,crm:P14_carried_out_by,dcterms:created,lrmoo:R17_created,desmos:usedConstraint
oplepiana:express_cr/expr_creat_01,lrmoo:F28_Expression_Creation,oplepiana:author/campagnoli,1990,oplepiana:expression/e_plaquette_01,desmos:heterogram | desmos:anagram
oplepiana:express_cr/expr_creat_02,lrmoo:F28_Expression_Creation,oplepiana:author/spinelli,1991,oplepiana:expression/e_plaquette_02,desmos:regraphing
oplepiana:express_cr/expr_creat_03,lrmoo:F28_Expression_Creation,oplepiana:author/varaldo,1992,oplepiana:expression/e_plaquette_03,desmos:alternating_rhyme | desmos:mythographic_units | desmos:quatrain | desmos:hendecasyllable
oplepiana:express_cr/expr_creat_04,lrmoo:F28_Expression_Creation,oplepiana:author/campagnoli,1992,oplepiana:expression/e_plaquette_04,desmos:classical_sonnet | desmos:palindrome
oplepiana:express_cr/expr_creat_05,lrmoo:F28_Expression_Creation,oplepiana:author/falchetta,1993,oplepiana:expression/e_plaquette_05,desmos:cento | desmos:monorhyme
oplepiana:express_cr/expr_creat_06,lrmoo:F28_Expression_Creation,oplepiana:author/campagnoli,1994,oplepiana:expression/e_plaquette_06,desmos:classical_sonnet | desmos:lipogram_A | desmos:monovocalism
oplepiana:express_cr/expr_creat_07,lrmoo:F28_Expression_Creation,oplepiana:author/addomine,1994,oplepiana:expression/e_plaquette_07,desmos:homographic_translation
oplepiana:express_cr/expr_creat_08,lrmoo:F28_Expression_Creation,oplepiana:author/aragona,1994,oplepiana:expression/e_plaquette_08,desmos:homonymy
oplepiana:express_cr/expr_creat_09,lrmoo:F28_Expression_Creation,oplepiana:author/spinelli,1994,oplepiana:expression/e_plaquette_09,desmos:statistical_bound_in_E
oplepiana:express_cr/expr_creat_10,lrmoo:F28_Expression_Creation,oplepiana:author/campagnoli,1994,oplepiana:expression/e_plaquette_10,desmos:sestina | desmos:semi_automatic_locutionary_text
oplepiana:express_cr/expr_creat_11,lrmoo:F28_Expression_Creation,oplepiana:author/chierchia | oplepiana:author/oplepo,1996,oplepiana:expression/e_plaquette_11,desmos:anagraphy
oplepiana:express_cr/expr_creat_12,lrmoo:F28_Expression_Creation,oplepiana:author/albani,1996,oplepiana:expression/e_plaquette_12,desmos:figured_alphabet
oplepiana:express_cr/expr_creat_13,lrmoo:F28_Expression_Creation,oplepiana:author/albani,1998,oplepiana:expression/e_plaquette_13,desmos:stolen_letters
oplepiana:express_cr/expr_creat_14,lrmoo:F28_Expression_Creation,oplepiana:author/serra,1998,oplepiana:expression/e_plaquette_14,desmos:solfeix
oplepiana:express_cr/expr_creat_15,lrmoo:F28_Expression_Creation,oplepiana:author/chiti,1999,oplepiana:expression/e_plaquette_15,desmos:syllable_expansion | desmos:enclosed_rhyme
oplepiana:express_cr/expr_creat_16,lrmoo:F28_Expression_Creation,oplepiana:author/oplepo,1999,oplepiana:expression/e_plaquette_16,desmos:fixed_text_length | desmos:fixed_title_length | desmos:fixed_fictional_time | desmos:mandatory_genre | desmos:fixed_fictional_character | desmos:fixed_fictional_setting | desmos:mandatory_theme | desmos:typographic_constraints
oplepiana:express_cr/expr_creat_16_text_addomine,lrmoo:F28_Expression_Creation,oplepiana:author/addomine,1999,oplepiana:expression/e_plaquette_16_text_addomine,desmos:typographic_constraints | desmos:fixed_text_length | desmos:mandatory_sentence | desmos:fixed_title_length | desmos:fixed_fictional_character | desmos:fixed_fictional_setting | desmos:mandatory_genre
oplepiana:express_cr/expr_creat_16_text_eruli,lrmoo:F28_Expression_Creation,oplepiana:author/eruli,1999,oplepiana:expression/e_plaquette_16_text_eruli,desmos:fixed_fictional_setting | desmos:mandatory_genre | desmos:fixed_fictional_character | desmos:mandatory_theme | desmos:typographic_constraints | desmos:fixed_title_length | desmos:fixed_text_length
oplepiana:express_cr/expr_creat_17,lrmoo:F28_Expression_Creation,oplepiana:author/oplepo,2000,oplepiana:expression/e_plaquette_17,desmos:acronym | desmos:mandatory_genre
oplepiana:express_cr/expr_creat_17_text_addomine,lrmoo:F28_Expression_Creation,oplepiana:author/addomine,2000,oplepiana:expression/e_plaquette_17_text_addomine,desmos:mandatory_theme | desmos:acronym
oplepiana:express_cr/expr_creat_17_text_aragona,lrmoo:F28_Expression_Creation,oplepiana:author/aragona,2000,oplepiana:expression/e_plaquette_17_text_aragona,desmos:mandatory_genre | desmos:progressive_alphabetical_lipogram | desmos:acronym
oplepiana:express_cr/expr_creat_17_text_chiti,lrmoo:F28_Expression_Creation,oplepiana:author/chiti,2000,oplepiana:expression/e_plaquette_17_text_chiti,desmos:mandatory_genre | desmos:septenary_double | desmos:sdrucciola_rhyme | desmos:acronym | desmos:truncated_rhyme | desmos:tercet
oplepiana:express_cr/expr_creat_17_text_sebregondi,lrmoo:F28_Expression_Creation,oplepiana:author/sebregondi,2000,oplepiana:expression/e_plaquette_17_text_sebregondi,desmos:alliteration | desmos:mandatory_genre | desmos:acronym
oplepiana:express_cr/expr_creat_18,lrmoo:F28_Expression_Creation,oplepiana:author/chiti,2001,oplepiana:expression/e_plaquette_18,desmos:cento
oplepiana:express_cr/expr_creat_19,lrmoo:F28_Expression_Creation,oplepiana:author/albani,2001,oplepiana:expression/e_plaquette_19,desmos:lexical_gap
oplepiana:express_cr/expr_creat_20,lrmoo:F28_Expression_Creation,oplepiana:author/bizzarri,2001,oplepiana:expression/e_plaquette_20,desmos:apocryphal_pentimento
oplepiana:express_cr/expr_creat_21,lrmoo:F28_Expression_Creation,oplepiana:author/cavazzoni,2001,oplepiana:expression/e_plaquette_21,desmos:proverbial_shift
oplepiana:express_cr/expr_creat_22,lrmoo:F28_Expression_Creation,oplepiana:author/oplepo,2004,oplepiana:expression/e_plaquette_22,desmos:mandatory_theme
oplepiana:express_cr/expr_creat_22_text_addomine,lrmoo:F28_Expression_Creation,oplepiana:author/addomine,2004,oplepiana:expression/e_plaquette_22_text_addomine,desmos:mandatory_theme | desmos:homographic_translation
oplepiana:express_cr/expr_creat_22_text_bizzarri,lrmoo:F28_Expression_Creation,oplepiana:author/bizzarri,2004,oplepiana:expression/e_plaquette_22_text_bizzarri,desmos:mandatory_theme
oplepiana:express_cr/expr_creat_22_text_sanguineti,lrmoo:F28_Expression_Creation,oplepiana:author/sanguineti,2004,oplepiana:expression/e_plaquette_22_text_sanguineti,desmos:mandatory_theme
oplepiana:express_cr/expr_creat_23,lrmoo:F28_Expression_Creation,oplepiana:author/odifreddi,2005,oplepiana:expression/e_plaquette_23,desmos:page_format
oplepiana:express_cr/expr_creat_24,lrmoo:F28_Expression_Creation,oplepiana:author/chierchia,2005,oplepiana:expression/e_plaquette_24,desmos:temporal_constraint
oplepiana:express_cr/expr_creat_25,lrmoo:F28_Expression_Creation,oplepiana:author/oplepo,2005,oplepiana:expression/e_plaquette_25,desmos:mandatory_dedication
oplepiana:express_cr/expr_creat_25_text_chierchia,lrmoo:F28_Expression_Creation,oplepiana:author/chierchia,2005,oplepiana:expression/e_plaquette_25_text_chierchia,desmos:mandatory_dedication | desmos:panvocalism
oplepiana:express_cr/expr_creat_25_text_doria,lrmoo:F28_Expression_Creation,oplepiana:author/doria,2005,oplepiana:expression/e_plaquette_25_text_doria,desmos:permutation | desmos:mandatory_dedication
oplepiana:express_cr/expr_creat_25_text_varaldo,lrmoo:F28_Expression_Creation,oplepiana:author/varaldo,2005,oplepiana:expression/e_plaquette_25_text_varaldo,desmos:octave | desmos:mandatory_dedication | desmos:beau_present
oplepiana:express_cr/expr_creat_26,lrmoo:F28_Expression_Creation,oplepiana:author/oplepo,2006,oplepiana:expression/e_plaquette_26,desmos:mandatory_theme
oplepiana:express_cr/expr_creat_26_text_anna-vicari,lrmoo:F28_Expression_Creation,oplepiana:author/anna-vicari,2006,oplepiana:expression/e_plaquette_26_text_anna-vicari,desmos:mandatory_theme | desmos:cento
oplepiana:express_cr/expr_creat_26_text_doria,lrmoo:F28_Expression_Creation,oplepiana:author/doria,2006,oplepiana:expression/e_plaquette_26_text_doria,desmos:mandatory_theme | desmos:isovocalism
oplepiana:express_cr/expr_creat_26_text_sanguineti,lrmoo:F28_Expression_Creation,oplepiana:author/sanguineti,2006,oplepiana:expression/e_plaquette_26_text_sanguineti,desmos:classical_sonnet | desmos:tautogram | desmos:mandatory_theme | desmos:sdrucciola_hendecasyllable | desmos:poliacrostic
oplepiana:express_cr/expr_creat_27,lrmoo:F28_Expression_Creation,oplepiana:author/sebregondi,2007,oplepiana:expression/e_plaquette_27,desmos:combinatorial_poem
oplepiana:express_cr/expr_creat_28,lrmoo:F28_Expression_Creation,oplepiana:author/oplepo,2008,oplepiana:expression/e_plaquette_28,desmos:mandatory_theme
oplepiana:express_cr/expr_creat_28_text_aragona,lrmoo:F28_Expression_Creation,oplepiana:author/aragona,2008,oplepiana:expression/e_plaquette_28_text_aragona,desmos:martellian_verse | desmos:prisoner_constraint | desmos:mandatory_theme
oplepiana:express_cr/expr_creat_28_text_fabrizi,lrmoo:F28_Expression_Creation,oplepiana:author/fabrizi,2008,oplepiana:expression/e_plaquette_28_text_fabrizi,desmos:lipogram_B | desmos:mandatory_theme | desmos:poliacrostic
oplepiana:express_cr/expr_creat_28_text_weiss,lrmoo:F28_Expression_Creation,oplepiana:author/weiss,2008,oplepiana:expression/e_plaquette_28_text_weiss,desmos:tautogram | desmos:acrostic
oplepiana:express_cr/expr_creat_29,lrmoo:F28_Expression_Creation,oplepiana:author/oplepo,2009,oplepiana:expression/e_plaquette_29,desmos:mandatory_theme
oplepiana:express_cr/expr_creat_29_text_addomine,lrmoo:F28_Expression_Creation,oplepiana:author/addomine,2009,oplepiana:expression/e_plaquette_29_text_addomine,desmos:crown_of_sonnets | desmos:mandatory_theme | desmos:iambic_hendecasyllable | desmos:non_repeating_rhyme | desmos:classical_sonnet
oplepiana:express_cr/expr_creat_29_text_enriques,lrmoo:F28_Expression_Creation,oplepiana:author/enriques,2009,oplepiana:expression/e_plaquette_29_text_enriques,desmos:anagram
oplepiana:express_cr/expr_creat_29_text_sanguineti,lrmoo:F28_Expression_Creation,oplepiana:author/sanguineti,2009,oplepiana:expression/e_plaquette_29_text_sanguineti,desmos:mandatory_theme | desmos:alphabetical_acrostic | desmos:distich
oplepiana:express_cr/expr_creat_30,lrmoo:F28_Expression_Creation,oplepiana:author/oplepo | oplepiana:author/sanguineti,2010,oplepiana:expression/e_plaquette_30,desmos:mandatory_dedication
oplepiana:express_cr/expr_creat_30_text_sanguineti,lrmoo:F28_Expression_Creation,oplepiana:author/sanguineti,2010,oplepiana:expression/e_plaquette_30_text_sanguineti,desmos:acrostic | desmos:acrobistic
oplepiana:express_cr/expr_creat_31,lrmoo:F28_Expression_Creation,oplepiana:author/oplepo,2010,oplepiana:expression/e_plaquette_31,desmos:mandatory_dedication
oplepiana:express_cr/expr_creat_31_text_aragona,lrmoo:F28_Expression_Creation,oplepiana:author/aragona,2010,oplepiana:expression/e_plaquette_31_text_aragona,desmos:acrostic | desmos:mandatory_dedication | desmos:beau_present
oplepiana:express_cr/expr_creat_31_text_benabou,lrmoo:F28_Expression_Creation,oplepiana:author/benabou,2010,oplepiana:expression/e_plaquette_31_text_benabou,desmos:mandatory_dedication | desmos:morale_elementaire
oplepiana:express_cr/expr_creat_31_text_chierchia,lrmoo:F28_Expression_Creation,oplepiana:author/chierchia,2010,oplepiana:expression/e_plaquette_31_text_chierchia,desmos:acrostic | desmos:distich | desmos:septenary | desmos:lipogram | desmos:classical_sonnet | desmos:mandatory_dedication
oplepiana:express_cr/expr_creat_31_text_eruli,lrmoo:F28_Expression_Creation,oplepiana:author/eruli,2010,oplepiana:expression/e_plaquette_31_text_eruli,desmos:lipogram_E | desmos:mandatory_dedication | desmos:lipogram_S
oplepiana:express_cr/expr_creat_31_text_varaldo,lrmoo:F28_Expression_Creation,oplepiana:author/varaldo,2010,oplepiana:expression/e_plaquette_31_text_varaldo,desmos:mandatory_dedication | desmos:tautogram | desmos:acrostic | desmos:classical_sonnet | desmos:enclosed_rhyme
oplepiana:express_cr/expr_creat_32,lrmoo:F28_Expression_Creation,oplepiana:author/oplepo,2011,oplepiana:expression/e_plaquette_32,desmos:mandatory_theme
oplepiana:express_cr/expr_creat_32_text_addomine,lrmoo:F28_Expression_Creation,oplepiana:author/addomine,2011,oplepiana:expression/e_plaquette_32_text_addomine,desmos:acrostic | desmos:mandatory_theme
oplepiana:express_cr/expr_creat_32_text_spinelli,lrmoo:F28_Expression_Creation,oplepiana:author/spinelli,2011,oplepiana:expression/e_plaquette_32_text_spinelli,desmos:mandatory_theme | desmos:enumerating_text | desmos:fixed_text_length
oplepiana:express_cr/expr_creat_33,lrmoo:F28_Expression_Creation,oplepiana:author/pergola,2012,oplepiana:expression/e_plaquette_33,desmos:word_length_oscillation
oplepiana:express_cr/expr_creat_34,lrmoo:F28_Expression_Creation,oplepiana:author/oplepo,2012,oplepiana:expression/e_plaquette_34,desmos:mandatory_dedication
oplepiana:express_cr/expr_creat_34_text_albani,lrmoo:F28_Expression_Creation,oplepiana:author/albani,2012,oplepiana:expression/e_plaquette_34_text_albani,desmos:fragmentation | desmos:mandatory_dedication | desmos:visual_anaphora
oplepiana:express_cr/expr_creat_34_text_aragona,lrmoo:F28_Expression_Creation,oplepiana:author/aragona,2012,oplepiana:expression/e_plaquette_34_text_aragona,desmos:beau_present | desmos:mandatory_dedication
oplepiana:express_cr/expr_creat_34_text_carrese,lrmoo:F28_Expression_Creation,oplepiana:author/carrese,2012,oplepiana:expression/e_plaquette_34_text_carrese,desmos:mandatory_dedication | desmos:hypogram
oplepiana:express_cr/expr_creat_34_text_poier-bernhard,lrmoo:F28_Expression_Creation,oplepiana:author/poier-bernhard,2012,oplepiana:expression/e_plaquette_34_text_poier-bernhard,desmos:mandatory_dedication | desmos:monovocalism_E
oplepiana:express_cr/expr_creat_34_text_varaldo,lrmoo:F28_Expression_Creation,oplepiana:author/varaldo,2012,oplepiana:expression/e_plaquette_34_text_varaldo,desmos:classical_sonnet | desmos:mandatory_dedication | desmos:progressive_vocalic_lipogram
oplepiana:express_cr/expr_creat_35,lrmoo:F28_Expression_Creation,oplepiana:author/oplepo,2012,oplepiana:expression/e_plaquette_35,desmos:mandatory_dedication | desmos:mandatory_genre
oplepiana:express_cr/expr_creat_35_text_brignoli,lrmoo:F28_Expression_Creation,oplepiana:author/brignoli,2012,oplepiana:expression/e_plaquette_35_text_brignoli,desmos:mandatory_dedication | desmos:mandatory_genre
oplepiana:express_cr/expr_creat_35_text_eliana-vicari,lrmoo:F28_Expression_Creation,oplepiana:author/eliana-vicari,2012,oplepiana:expression/e_plaquette_35_text_eliana-vicari,desmos:mandatory_genre | desmos:mandatory_dedication
oplepiana:express_cr/expr_creat_36,lrmoo:F28_Expression_Creation,oplepiana:author/varaldo,2014,oplepiana:expression/e_plaquette_36,desmos:metagram | desmos:polyglot_loanword_lexicon | desmos:procomplementary_verb_lexicon | desmos:bisyllabic_text | desmos:vowel_slide_direct | desmos:monovocalism_A | desmos:grammatical_exception_lexicon | desmos:terminal_word_series | desmos:dispersed_name | desmos:spanish_loanword_lexicon | desmos:ironic_register_lexicon | desmos:embedded_proverb | desmos:lombard_lexicon | desmos:trisyllabic_text | desmos:latin_locution_lexicon | desmos:monovocalism_E | desmos:monovocalism_I | desmos:enigmatic_transformation_chain | desmos:triple_letter_cluster | desmos:tuscan_lexicon | desmos:prescribed_line_frame | desmos:slang_register_lexicon | desmos:hyperbolic_register_lexicon | desmos:german_loanword_lexicon | desmos:buried_word | desmos:derogatory_register_lexicon | desmos:english_loanword_lexicon | desmos:datation_1621_1640_lexicon | desmos:vowel_alternation_EO | desmos:colloquial_register_lexicon | desmos:monovocalism_O | desmos:pentamini | desmos:vowel_alternation_AI | desmos:mathematical_lexicon | desmos:french_loanword_lexicon | desmos:acrostic | desmos:post_1989_lexicon | desmos:heterogeneous_register_lexicon | desmos:progressive_century_datation | desmos:defective_verb_lexicon | desmos:popular_register_lexicon | desmos:familiar_register_lexicon | desmos:compound_noun_lexicon | desmos:latin_noun_lexicon | desmos:datation_1827_1842_lexicon | desmos:monosyllabic_text | desmos:octave | desmos:vowel_slide_retrograde | desmos:syllabic_set_constraint | desmos:mnemonic_fragment | desmos:jocular_register_lexicon
oplepiana:express_cr/expr_creat_37,lrmoo:F28_Expression_Creation,oplepiana:author/ciasullo | oplepiana:author/varaldo,2014,oplepiana:expression/e_plaquette_37,desmos:preventive_review
oplepiana:express_cr/expr_creat_38,lrmoo:F28_Expression_Creation,oplepiana:author/pergola,2015,oplepiana:expression/e_plaquette_38,desmos:heterolexical_writing
oplepiana:express_cr/expr_creat_39,lrmoo:F28_Expression_Creation,oplepiana:author/oplepo | oplepiana:author/addomine | oplepiana:author/enriques | oplepiana:author/sebregondi | oplepiana:author/fabrizi | oplepiana:author/odifreddi | oplepiana:author/falchetta | oplepiana:author/brignoli | oplepiana:author/varaldo | oplepiana:author/pergola | oplepiana:author/eliana-vicari | oplepiana:author/aragona,2015,oplepiana:expression/e_plaquette_39,desmos:fixed_text_length
oplepiana:express_cr/expr_creat_40,lrmoo:F28_Expression_Creation,oplepiana:author/oplepo,2015,oplepiana:expression/e_plaquette_40,desmos:mandatory_theme | desmos:fixed_title_length
oplepiana:express_cr/expr_creat_40_text_berti,lrmoo:F28_Expression_Creation,oplepiana:author/berti,2015,oplepiana:expression/e_plaquette_40_text_berti,desmos:LD_method | desmos:mandatory_theme | desmos:fixed_title_length
oplepiana:express_cr/expr_creat_40_text_brignoli,lrmoo:F28_Expression_Creation,oplepiana:author/brignoli,2015,oplepiana:expression/e_plaquette_40_text_brignoli,desmos:fixed_text_length | desmos:fixed_title_length | desmos:embedded_numeral_calculus | desmos:mandatory_theme
oplepiana:express_cr/expr_creat_40_text_sebregondi,lrmoo:F28_Expression_Creation,oplepiana:author/sebregondi,2015,oplepiana:expression/e_plaquette_40_text_sebregondi,desmos:mandatory_theme | desmos:acronym | desmos:tanka
oplepiana:express_cr/expr_creat_41,lrmoo:F28_Expression_Creation,oplepiana:author/oplepo,2016,oplepiana:expression/e_plaquette_41,desmos:mandatory_dedication
oplepiana:express_cr/expr_creat_41_text_jouet,lrmoo:F28_Expression_Creation,oplepiana:author/jouet,2016,oplepiana:expression/e_plaquette_41_text_jouet,desmos:brivadois_acrostiche | desmos:mandatory_dedication
oplepiana:express_cr/expr_creat_41_text_narros,lrmoo:F28_Expression_Creation,oplepiana:author/narros,2016,oplepiana:expression/e_plaquette_41_text_narros,desmos:mandatory_dedication | desmos:acrostic
oplepiana:express_cr/expr_creat_41_text_varaldo,lrmoo:F28_Expression_Creation,oplepiana:author/varaldo,2016,oplepiana:expression/e_plaquette_41_text_varaldo,desmos:lipogram_A | desmos:octave | desmos:lipogram_O | desmos:lipogram_I
oplepiana:express_cr/expr_creat_42,lrmoo:F28_Expression_Creation,oplepiana:author/narros,2018,oplepiana:expression/e_plaquette_42,desmos:combinatorial_lottery
oplepiana:express_cr/expr_creat_43,lrmoo:F28_Expression_Creation,oplepiana:author/tonietto,2019,oplepiana:expression/e_plaquette_43,desmos:classical_sonnet | desmos:metric_liposyllabism
oplepiana:express_cr/expr_creat_44,lrmoo:F28_Expression_Creation,oplepiana:author/oplepo,2020,oplepiana:expression/e_plaquette_44,desmos:mandatory_dedication
oplepiana:express_cr/expr_creat_44_text_aragona,lrmoo:F28_Expression_Creation,oplepiana:author/aragona,2020,oplepiana:expression/e_plaquette_44_text_aragona,desmos:poliacrostic | desmos:mandatory_dedication | desmos:beau_present
oplepiana:express_cr/expr_creat_44_text_fabrizi,lrmoo:F28_Expression_Creation,oplepiana:author/fabrizi,2020,oplepiana:expression/e_plaquette_44_text_fabrizi,desmos:mandatory_dedication | desmos:beau_present
oplepiana:express_cr/expr_creat_45,lrmoo:F28_Expression_Creation,oplepiana:author/oplepo,2020,oplepiana:expression/e_plaquette_45,desmos:mandatory_dedication
oplepiana:express_cr/expr_creat_45_text_addomine,lrmoo:F28_Expression_Creation,oplepiana:author/addomine,2020,oplepiana:expression/e_plaquette_45_text_addomine,desmos:anagram | desmos:beau_present | desmos:acrostic
oplepiana:express_cr/expr_creat_46,lrmoo:F28_Expression_Creation,oplepiana:author/varaldo,2021,oplepiana:expression/e_plaquette_46,desmos:rebus
oplepiana:express_cr/expr_creat_46_text_giuliani,lrmoo:F28_Expression_Creation,oplepiana:author/giuliani,2021,oplepiana:expression/e_plaquette_46_text_giuliani,desmos:rebus
oplepiana:express_cr/expr_creat_47,lrmoo:F28_Expression_Creation,oplepiana:author/pelliti,2021,oplepiana:expression/e_plaquette_47,desmos:alternating_rhyme | desmos:distich | desmos:acronym | desmos:quatrain | desmos:postal_code_acrostic
oplepiana:express_cr/expr_creat_48,lrmoo:F28_Expression_Creation,oplepiana:author/tonietto,2021,oplepiana:expression/e_plaquette_48,desmos:tercet | desmos:hendecasyllable | desmos:chained_rhyme | desmos:lipogram_A
oplepiana:express_cr/expr_creat_49,lrmoo:F28_Expression_Creation,oplepiana:author/oplepo,2021,oplepiana:expression/e_plaquette_49,desmos:mandatory_dedication
oplepiana:express_cr/expr_creat_49_text_addomine,lrmoo:F28_Expression_Creation,oplepiana:author/addomine,2021,oplepiana:expression/e_plaquette_49_text_addomine,desmos:mandatory_dedication | desmos:boule_de_neige
oplepiana:express_cr/expr_creat_49_text_brignoli,lrmoo:F28_Expression_Creation,oplepiana:author/brignoli,2021,oplepiana:expression/e_plaquette_49_text_brignoli,desmos:paronomasia | desmos:classical_sonnet | desmos:mandatory_dedication | desmos:inverted_rhyme
oplepiana:express_cr/expr_creat_49_text_spinelli,lrmoo:F28_Expression_Creation,oplepiana:author/spinelli,2021,oplepiana:expression/e_plaquette_49_text_spinelli,desmos:permutation | desmos:mandatory_dedication | desmos:panvocalism
oplepiana:express_cr/expr_creat_50,lrmoo:F28_Expression_Creation,oplepiana:author/oplepo,2021,oplepiana:expression/e_plaquette_50,desmos:mandatory_dedication
oplepiana:express_cr/expr_creat_50_text_pelliti,lrmoo:F28_Expression_Creation,oplepiana:author/pelliti,2021,oplepiana:expression/e_plaquette_50_text_pelliti,desmos:acronym | desmos:mandatory_dedication | desmos:anagram
oplepiana:express_cr/expr_creat_50_text_sebregondi,lrmoo:F28_Expression_Creation,oplepiana:author/sebregondi,2021,oplepiana:expression/e_plaquette_50_text_sebregondi,desmos:antonymic_rewriting | desmos:classical_sonnet | desmos:mandatory_dedication
oplepiana:express_cr/expr_creat_51,lrmoo:F28_Expression_Creation,oplepiana:author/oplepo,2023,oplepiana:expression/e_plaquette_51,desmos:mandatory_dedication
oplepiana:express_cr/expr_creat_51_text_aragona,lrmoo:F28_Expression_Creation,oplepiana:author/aragona,2023,oplepiana:expression/e_plaquette_51_text_aragona,desmos:mandatory_dedication | desmos:boule_de_neige
oplepiana:express_cr/expr_creat_51_text_bloomfield,lrmoo:F28_Expression_Creation,oplepiana:author/bloomfield,2023,oplepiana:expression/e_plaquette_51_text_bloomfield,desmos:mandatory_dedication | desmos:value_inversion | desmos:anagram | desmos:calligram | desmos:homophony
oplepiana:express_cr/expr_creat_52,lrmoo:F28_Expression_Creation,oplepiana:author/babic,2023,oplepiana:expression/e_plaquette_52,desmos:divergent_captions | desmos:figure_derived_count
oplepiana:express_cr/expr_creat_53,lrmoo:F28_Expression_Creation,oplepiana:author/varaldo,2024,oplepiana:expression/e_plaquette_53,desmos:date_indexed_word_length | desmos:octave | desmos:datation_lexicon
oplepiana:express_cr/expr_creat_54,lrmoo:F28_Expression_Creation,oplepiana:author/oplepo,2024,oplepiana:expression/e_plaquette_54,desmos:figure_bounded_text | desmos:handwritten_realization | desmos:mandatory_genre
oplepiana:express_cr/expr_creat_54_text_babic,lrmoo:F28_Expression_Creation,oplepiana:author/babic,2024,oplepiana:expression/e_plaquette_54_text_babic,desmos:handwritten_realization | desmos:mandatory_genre | desmos:figure_bounded_text
oplepiana:express_cr/expr_creat_54_text_sampieri,lrmoo:F28_Expression_Creation,oplepiana:author/sampieri,2024,oplepiana:expression/e_plaquette_54_text_sampieri,desmos:mandatory_genre | desmos:figure_bounded_text | desmos:handwritten_realization
oplepiana:express_cr/expr_creat_55,lrmoo:F28_Expression_Creation,oplepiana:author/oplepo,2024,oplepiana:expression/e_plaquette_55,desmos:mandatory_dedication
oplepiana:express_cr/expr_creat_55_text_albani,lrmoo:F28_Expression_Creation,oplepiana:author/albani,2024,oplepiana:expression/e_plaquette_55_text_albani,desmos:metagram | desmos:mandatory_dedication
oplepiana:express_cr/expr_creat_55_text_pergola,lrmoo:F28_Expression_Creation,oplepiana:author/pergola,2024,oplepiana:expression/e_plaquette_55_text_pergola,desmos:progressive_alphabetical_lipogram | desmos:mandatory_dedication
oplepiana:express_cr/expr_creat_55_text_varaldo,lrmoo:F28_Expression_Creation,oplepiana:author/varaldo,2024,oplepiana:expression/e_plaquette_55_text_varaldo,desmos:octave | desmos:mandatory_dedication | desmos:procomplementary_verb_lexicon
oplepiana:express_cr/expr_creat_56,lrmoo:F28_Expression_Creation,oplepiana:author/oplepo,2024,oplepiana:expression/e_plaquette_56,desmos:mandatory_theme
oplepiana:express_cr/expr_creat_56_text_aragona,lrmoo:F28_Expression_Creation,oplepiana:author/aragona,2024,oplepiana:expression/e_plaquette_56_text_aragona,desmos:paronomasia | desmos:bisenso | desmos:mandatory_theme
oplepiana:express_cr/expr_creat_57,lrmoo:F28_Expression_Creation,oplepiana:author/montalto,2025,oplepiana:expression/e_plaquette_57,desmos:numeric_based_homosyntaxism
oplepiana:express_cr/expr_creat_text_artusi,lrmoo:F28_Expression_Creation,oplepiana:author/artusi,1891,oplepiana:expression/e_text_artusi,
oplepiana:express_cr/expr_creat_text_canzoniere,lrmoo:F28_Expression_Creation,oplepiana:author/petrarca,1336,oplepiana:expression/e_text_canzoniere,
oplepiana:express_cr/expr_creat_text_cent_mille,lrmoo:F28_Expression_Creation,oplepiana:author/queneau,1961,oplepiana:expression/e_text_cent_mille,
oplepiana:express_cr/expr_creat_text_commedia,lrmoo:F28_Expression_Creation,oplepiana:author/alighieri,1304,oplepiana:expression/e_text_commedia,
oplepiana:express_cr/expr_creat_text_correspondances,lrmoo:F28_Expression_Creation,oplepiana:author/baudelaire,1857,oplepiana:expression/e_text_correspondances,
oplepiana:express_cr/expr_creat_text_diz_modi,lrmoo:F28_Expression_Creation,oplepiana:author/quartu,1993,oplepiana:expression/e_text_diz_modi,
oplepiana:express_cr/expr_creat_text_inferno,lrmoo:F28_Expression_Creation,oplepiana:author/alighieri,1304,oplepiana:expression/e_text_inferno,
oplepiana:express_cr/expr_creat_text_infinito,lrmoo:F28_Expression_Creation,oplepiana:author/leopardi,1818,oplepiana:expression/e_text_infinito,
oplepiana:express_cr/expr_creat_text_isola,lrmoo:F28_Expression_Creation,oplepiana:author/eco,1990,oplepiana:expression/e_text_isola,
oplepiana:express_cr/expr_creat_text_istruzioni,lrmoo:F28_Expression_Creation,oplepiana:author/perec,1978,oplepiana:expression/e_text_istruzioni,
oplepiana:express_cr/expr_creat_text_lovesong,lrmoo:F28_Expression_Creation,oplepiana:author/eliot,1915,oplepiana:expression/e_text_lovesong,
oplepiana:express_cr/expr_creat_text_miti,lrmoo:F28_Expression_Creation,oplepiana:author/grimal,1999,oplepiana:expression/e_text_miti,
oplepiana:express_cr/expr_creat_text_preludi,lrmoo:F28_Expression_Creation,oplepiana:author/chopin,1839,oplepiana:expression/e_text_preludi,
oplepiana:express_cr/expr_creat_text_promessi_sposi,lrmoo:F28_Expression_Creation,oplepiana:author/manzoni,1827,oplepiana:expression/e_text_promessi_sposi,